timestamp,house_id,season,festival,temperature_c,ac,fridge,lights,fans,washing_machine,tv,geyser,other_appliances,kwh
2024-01-01,H003,winter,no,22.61,0.0,0.535,0.366,0.408,0.252,0.265,0.408,0.184,5.557
2024-01-02,H002,winter,no,19.92,0.0,0.532,0.148,0.359,0.185,0.267,0.581,0.439,4.859
2024-01-03,H001,winter,no,23.5,0.0,0.508,0.261,0.312,0.267,0.252,0.566,0.344,6.085
2024-01-04,H001,winter,no,23.88,0.0,0.576,0.296,0.422,0.226,0.231,0.49,0.29,4.867
2024-01-05,H003,winter,no,18.1,0.0,0.564,0.316,0.28,0.175,0.229,0.296,0.325,5.076
2024-01-06,H004,winter,no,19.4,0.0,0.455,0.249,0.271,0.13,0.219,0.452,0.454,4.991
2024-01-07,H003,winter,no,22.26,0.0,0.451,0.171,0.498,0.141,0.229,0.409,0.423,5.48
2024-01-08,H004,winter,no,21.37,0.0,0.575,0.244,0.219,0.062,0.233,0.452,0.337,4.646
2024-01-09,H002,winter,no,21.97,0.0,0.501,0.248,0.233,0.159,0.102,0.365,0.236,3.95
2024-01-10,H005,winter,no,20.29,0.0,0.568,0.246,0.363,0.192,0.145,0.511,0.243,3.917
2024-01-11,H005,winter,no,23.76,0.0,0.597,0.368,0.51,0.317,0.128,0.529,0.425,6.486
2024-01-12,H005,winter,no,23.56,0.0,0.474,0.215,0.417,0.222,0.278,0.544,0.222,5.06
2024-01-13,H004,winter,no,22.13,0.0,0.465,0.321,0.407,0.111,0.316,0.419,0.338,4.268
2024-01-14,H004,winter,no,24.25,0.0,0.65,0.311,0.52,0.065,0.048,0.365,0.618,5.582
2024-01-15,H001,winter,no,22.94,0.0,0.571,0.367,0.342,0.163,0.31,0.478,0.396,5.512
2024-01-16,H001,winter,no,20.28,0.0,0.525,0.291,0.245,0.245,0.206,0.59,0.424,4.946
2024-01-17,H001,winter,no,22.74,0.0,0.494,0.355,0.415,0.162,0.271,0.456,0.244,4.762
2024-01-18,H003,winter,no,20.08,0.0,0.519,0.288,0.366,0.223,0.235,0.486,0.227,4.976
2024-01-19,H003,winter,no,23.76,0.0,0.479,0.33,0.347,0.166,0.301,0.431,0.43,5.492
2024-01-20,H001,winter,no,21.9,0.0,0.603,0.195,0.35,0.237,0.215,0.41,0.322,5.33
2024-01-21,H004,winter,no,21.63,0.0,0.503,0.115,0.336,0.052,0.105,0.503,0.467,5.466
2024-01-22,H003,winter,no,20.64,0.0,0.616,0.326,0.349,0.308,0.193,0.442,0.364,5.663
2024-01-23,H003,winter,no,24.45,0.0,0.526,0.33,0.467,0.091,0.236,0.482,0.706,5.367
2024-01-24,H005,winter,no,21.69,0.0,0.487,0.333,0.314,0.243,0.185,0.491,0.303,4.429
2024-01-25,H003,winter,no,21.14,0.0,0.524,0.263,0.436,0.158,0.246,0.478,0.389,5.037
2024-01-26,H001,winter,no,21.3,0.0,0.393,0.404,0.299,0.171,0.195,0.495,0.271,4.984
2024-01-27,H004,winter,no,23.06,0.0,0.543,0.268,0.389,0.161,0.158,0.382,0.463,5.289
2024-01-28,H005,winter,no,22.73,0.0,0.54,0.329,0.272,0.2,0.124,0.377,0.404,5.361
2024-01-29,H001,winter,no,22.83,0.0,0.599,0.342,0.346,0.217,0.173,0.447,0.264,5.317
2024-01-30,H003,winter,no,22.86,0.0,0.437,0.42,0.446,0.265,0.214,0.449,0.328,5.38
2024-01-31,H003,winter,no,26.28,0.252,0.62,0.278,0.567,0.293,0.063,0.408,0.497,6.551
2024-02-01,H001,winter,no,25.69,0.129,0.599,0.254,0.565,0.207,0.145,0.469,0.485,6.218
2024-02-02,H002,winter,no,25.48,0.079,0.625,0.195,0.553,0.317,0.06,0.523,0.219,6.387
2024-02-03,H005,winter,no,24.87,0.0,0.547,0.409,0.652,0.187,0.157,0.545,0.313,5.353
2024-02-04,H002,winter,no,27.73,0.327,0.611,0.329,0.539,0.266,0.284,0.563,0.542,8.062
2024-02-05,H003,winter,no,28.76,0.553,0.462,0.332,0.511,0.214,0.117,0.345,0.343,8.287
2024-02-06,H004,winter,no,26.27,0.09,0.593,0.518,0.457,0.136,0.249,0.357,0.378,5.33
2024-02-07,H003,winter,no,24.82,0.0,0.504,0.323,0.426,0.194,0.399,0.427,0.463,5.727
2024-02-08,H005,winter,no,24.85,0.031,0.451,0.209,0.406,0.22,0.302,0.456,0.227,5.435
2024-02-09,H003,winter,no,27.8,0.401,0.483,0.286,0.61,0.177,0.209,0.431,0.266,6.572
2024-02-10,H005,winter,no,27.99,0.412,0.55,0.232,0.71,0.213,0.26,0.406,0.328,8.027
2024-02-11,H001,winter,no,27.59,0.356,0.501,0.272,0.717,0.249,0.104,0.426,0.48,7.438
2024-02-12,H005,winter,no,25.17,0.0,0.573,0.272,0.537,0.178,0.09,0.489,0.462,5.219
2024-02-13,H001,winter,no,26.96,0.309,0.442,0.259,0.74,0.0,0.202,0.344,0.432,6.365
2024-02-14,H005,winter,no,26.73,0.213,0.422,0.202,0.531,0.314,0.228,0.637,0.346,6.949
2024-02-15,H004,winter,no,26.94,0.203,0.632,0.411,0.437,0.156,0.277,0.452,0.473,6.477
2024-02-16,H003,winter,no,28.24,0.38,0.604,0.321,0.704,0.114,0.16,0.534,0.345,7.221
2024-02-17,H005,winter,no,26.95,0.405,0.487,0.284,0.421,0.09,0.214,0.404,0.418,7.075
2024-02-18,H004,winter,no,27.86,0.218,0.55,0.353,0.544,0.153,0.211,0.496,0.451,6.741
2024-02-19,H004,winter,no,26.64,0.244,0.611,0.333,0.597,0.135,0.191,0.458,0.53,6.356
2024-02-20,H004,winter,no,27.08,0.125,0.575,0.319,0.565,0.121,0.195,0.519,0.354,5.774
2024-02-21,H005,winter,no,27.76,0.337,0.559,0.348,0.585,0.125,0.14,0.434,0.324,6.855
2024-02-22,H002,winter,no,23.59,0.0,0.616,0.309,0.339,0.222,0.22,0.574,0.49,5.615
2024-02-23,H005,winter,no,25.86,0.0,0.506,0.347,0.524,0.342,0.214,0.331,0.497,5.818
2024-02-24,H003,winter,no,25.56,0.101,0.552,0.353,0.593,0.246,0.169,0.526,0.306,6.398
2024-02-25,H001,winter,no,25.22,0.0,0.549,0.311,0.5,0.27,0.247,0.459,0.249,5.453
2024-02-26,H005,winter,no,25.95,0.0,0.534,0.285,0.462,0.15,0.272,0.369,0.482,4.778
2024-02-27,H004,winter,no,29.49,0.628,0.527,0.407,0.57,0.188,0.247,0.606,0.196,8.727
2024-02-28,H005,winter,no,24.77,0.086,0.554,0.267,0.416,0.214,0.127,0.598,0.191,5.441
2024-02-29,H004,winter,no,28.44,0.549,0.552,0.327,0.659,0.127,0.207,0.284,0.333,7.769
2024-03-01,H002,summer,no,26.43,0.207,0.487,0.329,0.575,0.146,0.136,0.264,0.36,5.937
2024-03-02,H002,summer,no,29.12,0.519,0.598,0.257,0.591,0.248,0.207,0.306,0.244,8.197
2024-03-03,H002,summer,no,30.12,0.746,0.491,0.243,0.518,0.267,0.136,0.285,0.372,9.042
2024-03-04,H003,summer,no,30.97,0.88,0.537,0.275,0.762,0.185,0.289,0.371,0.377,9.798
2024-03-05,H001,summer,no,31.22,0.868,0.532,0.266,0.667,0.084,0.255,0.355,0.302,9.1
2024-03-06,H004,summer,no,31.38,0.722,0.571,0.198,0.8,0.156,0.281,0.271,0.553,8.834
2024-03-07,H004,summer,no,29.1,0.528,0.423,0.254,0.593,0.065,0.274,0.432,0.393,7.94
2024-03-08,H005,summer,no,28.87,0.519,0.603,0.319,0.566,0.186,0.181,0.325,0.463,7.688
2024-03-09,H003,summer,no,31.51,0.669,0.509,0.389,0.763,0.2,0.17,0.222,0.204,8.251
2024-03-10,H005,summer,no,29.41,0.589,0.623,0.339,0.855,0.158,0.322,0.206,0.204,9.03
2024-03-11,H002,summer,no,27.24,0.462,0.521,0.118,0.64,0.199,0.188,0.349,0.396,6.982
2024-03-12,H003,summer,no,27.53,0.367,0.547,0.345,0.602,0.213,0.105,0.187,0.535,6.901
2024-03-13,H004,summer,no,27.96,0.487,0.665,0.261,0.637,0.201,0.271,0.217,0.249,7.704
2024-03-14,H004,summer,no,30.79,0.738,0.533,0.332,0.581,0.084,0.21,0.231,0.364,8.528
2024-03-15,H004,summer,no,30.08,0.629,0.624,0.299,0.603,0.16,0.305,0.278,0.226,7.377
2024-03-16,H003,summer,no,31.18,0.802,0.552,0.287,0.536,0.213,0.217,0.235,0.278,9.363
2024-03-17,H001,summer,no,28.94,0.427,0.575,0.293,0.786,0.306,0.199,0.145,0.369,8.216
2024-03-18,H005,summer,no,30.11,0.562,0.554,0.298,0.817,0.158,0.307,0.343,0.301,8.518
2024-03-19,H002,summer,no,31.05,0.857,0.601,0.394,0.763,0.224,0.092,0.218,0.219,8.642
2024-03-20,H004,summer,no,29.18,0.632,0.509,0.299,0.668,0.25,0.159,0.412,0.217,9.07
2024-03-21,H001,summer,no,30.71,0.634,0.491,0.376,0.594,0.164,0.138,0.274,0.161,7.44
2024-03-22,H005,summer,no,28.47,0.511,0.512,0.366,0.611,0.272,0.046,0.351,0.398,7.341
2024-03-23,H002,summer,no,29.07,0.502,0.556,0.347,0.796,0.276,0.261,0.3,0.41,8.751
2024-03-24,H005,summer,no,29.03,0.531,0.537,0.175,0.662,0.29,0.161,0.355,0.409,8.39
2024-03-25,H004,summer,no,27.4,0.337,0.593,0.378,0.541,0.217,0.263,0.296,0.259,6.871
2024-03-26,H002,summer,no,30.77,0.801,0.628,0.268,0.58,0.369,0.227,0.269,0.451,9.254
2024-03-27,H002,summer,no,28.86,0.489,0.491,0.35,0.755,0.131,0.242,0.337,0.421,8.239
2024-03-28,H005,summer,no,29.82,0.715,0.506,0.232,0.677,0.35,0.168,0.449,0.351,9.003
2024-03-29,H003,summer,no,30.76,0.744,0.464,0.217,0.58,0.241,0.147,0.228,0.334,7.901
2024-03-30,H004,summer,no,30.69,0.761,0.672,0.438,0.644,0.287,0.206,0.314,0.285,10.118
2024-03-31,H004,summer,no,31.12,0.699,0.568,0.233,0.633,0.154,0.264,0.25,0.369,8.953
2024-04-01,H002,summer,no,30.8,0.898,0.579,0.38,0.712,0.248,0.196,0.29,0.512,10.435
2024-04-02,H001,summer,no,30.15,0.682,0.47,0.308,0.713,0.294,0.151,0.253,0.464,8.851
2024-04-03,H001,summer,no,30.84,0.787,0.55,0.271,0.683,0.093,0.116,0.077,0.324,9.315
2024-04-04,H003,summer,no,27.63,0.2,0.581,0.297,0.657,0.167,0.214,0.234,0.404,6.005
2024-04-05,H004,summer,no,28.11,0.322,0.535,0.209,0.621,0.009,0.161,0.33,0.24,6.228
2024-04-06,H002,summer,no,28.35,0.518,0.615,0.299,0.709,0.166,0.195,0.189,0.423,8.345
2024-04-07,H002,summer,no,29.01,0.524,0.689,0.224,0.622,0.115,0.183,0.324,0.267,7.883
2024-04-08,H002,summer,no,31.8,0.697,0.493,0.272,1.006,0.163,0.169,0.265,0.419,9.159
2024-04-09,H002,summer,no,29.19,0.607,0.489,0.365,0.612,0.414,0.221,0.235,0.647,7.616
2024-04-10,H003,summer,no,30.24,0.612,0.497,0.318,0.627,0.317,0.239,0.322,0.293,8.291
2024-04-11,H003,summer,no,33.6,1.188,0.646,0.196,0.752,0.065,0.338,0.304,0.642,11.456
2024-04-12,H002,summer,no,30.29,0.654,0.613,0.36,0.685,0.224,0.253,0.284,0.399,8.677
2024-04-13,H001,summer,no,32.48,0.951,0.542,0.3,0.651,0.244,0.312,0.331,0.275,10.1
2024-04-14,H001,summer,no,29.13,0.611,0.552,0.262,0.679,0.153,0.143,0.266,0.27,8.598
2024-04-15,H003,summer,no,30.59,0.627,0.501,0.352,0.561,0.194,0.088,0.118,0.586,7.811
2024-04-16,H001,summer,no,29.1,0.433,0.603,0.288,0.667,0.202,0.199,0.22,0.399,7.388
2024-04-17,H004,summer,no,30.32,0.65,0.527,0.218,0.595,0.072,0.26,0.106,0.293,7.739
2024-04-18,H001,summer,no,32.68,1.026,0.534,0.429,0.767,0.097,0.249,0.303,0.33,10.612
2024-04-19,H001,summer,no,27.55,0.212,0.587,0.299,0.64,0.194,0.285,0.322,0.393,6.907
2024-04-20,H004,summer,no,31.87,0.725,0.539,0.294,0.949,0.188,0.022,0.325,0.349,9.334
2024-04-21,H004,summer,no,31.48,0.875,0.536,0.272,0.663,0.123,0.288,0.289,0.385,10.148
2024-04-22,H004,summer,no,29.81,0.553,0.551,0.383,0.67,0.116,0.223,0.327,0.527,8.208
2024-04-23,H001,summer,no,28.11,0.357,0.598,0.263,0.556,0.173,0.092,0.124,0.237,6.118
2024-04-24,H004,summer,no,31.14,0.619,0.649,0.192,0.666,0.251,0.251,0.241,0.414,8.33
2024-04-25,H005,summer,no,29.94,0.563,0.585,0.252,0.63,0.174,0.212,0.137,0.343,7.558
2024-04-26,H004,summer,no,31.47,0.808,0.598,0.393,0.815,0.31,0.227,0.221,0.3,9.762
2024-04-27,H002,summer,no,31.04,0.83,0.538,0.358,0.693,0.124,0.27,0.379,0.457,9.986
2024-04-28,H003,summer,no,34.2,1.089,0.508,0.282,1.038,0.195,0.23,0.337,0.204,10.991
2024-04-29,H005,summer,no,30.52,0.823,0.589,0.396,0.744,0.152,0.097,0.303,0.113,9.027
2024-04-30,H001,summer,no,28.95,0.439,0.56,0.352,0.567,0.227,0.19,0.235,0.372,6.731
2024-05-01,H004,summer,no,30.15,0.589,0.465,0.281,0.667,0.117,0.087,0.171,0.336,7.457
2024-05-02,H002,summer,no,30.23,0.777,0.53,0.288,0.635,0.334,0.245,0.265,0.215,9.03
2024-05-03,H005,summer,no,32.51,0.956,0.545,0.323,0.855,0.045,0.298,0.339,0.179,10.61
2024-05-04,H001,summer,no,31.46,0.764,0.519,0.242,0.617,0.317,0.113,0.283,0.543,9.871
2024-05-05,H003,summer,no,30.51,0.676,0.639,0.3,0.603,0.187,0.153,0.123,0.396,8.28
2024-05-06,H003,summer,no,32.72,1.073,0.579,0.322,0.752,0.224,0.138,0.258,0.352,10.665
2024-05-07,H003,summer,no,27.42,0.419,0.632,0.182,0.641,0.287,0.168,0.097,0.57,7.284
2024-05-08,H002,summer,no,28.51,0.374,0.566,0.287,0.729,0.249,0.229,0.314,0.452,7.262
2024-05-09,H001,summer,no,27.94,0.364,0.555,0.279,0.718,0.122,0.169,0.195,0.527,6.844
2024-05-10,H005,summer,no,29.01,0.509,0.494,0.372,0.693,0.228,0.246,0.152,0.232,7.378
2024-05-11,H003,summer,no,27.04,0.176,0.551,0.171,0.565,0.329,0.275,0.315,0.228,6.96
2024-05-12,H004,summer,no,31.06,0.754,0.551,0.273,0.796,0.109,0.277,0.295,0.412,9.283
2024-05-13,H003,summer,no,29.35,0.544,0.468,0.266,0.572,0.349,0.122,0.269,0.391,7.858
2024-05-14,H003,summer,no,26.85,0.323,0.518,0.367,0.417,0.211,0.297,0.425,0.475,6.07
2024-05-15,H004,summer,no,27.76,0.442,0.531,0.297,0.635,0.145,0.303,0.301,0.187,7.482
2024-05-16,H003,summer,no,30.42,0.651,0.575,0.426,0.626,0.109,0.309,0.198,0.42,8.879
2024-05-17,H001,summer,no,31.47,0.792,0.578,0.346,0.744,0.162,0.189,0.292,0.449,8.955
2024-05-18,H001,summer,no,33.79,1.152,0.515,0.271,0.851,0.024,0.147,0.227,0.444,10.912
2024-05-19,H003,summer,no,35.62,1.281,0.578,0.317,0.935,0.147,0.131,0.351,0.309,12.334
2024-05-20,H001,summer,no,30.62,0.75,0.539,0.275,0.79,0.159,0.123,0.272,0.402,8.889
2024-05-21,H003,summer,no,27.82,0.345,0.378,0.36,0.669,0.094,0.201,0.28,0.272,6.644
2024-05-22,H004,summer,no,25.53,0.0,0.521,0.207,0.527,0.24,0.259,0.135,0.321,4.606
2024-05-23,H003,summer,no,30.33,0.59,0.615,0.242,0.668,0.162,0.291,0.255,0.246,8.673
2024-05-24,H001,summer,no,28.17,0.512,0.449,0.332,0.625,0.129,0.166,0.245,0.274,7.046
2024-05-25,H004,summer,no,28.96,0.483,0.557,0.386,0.601,0.154,0.197,0.168,0.326,8.606
2024-05-26,H005,summer,no,28.57,0.577,0.645,0.146,0.617,0.208,0.193,0.232,0.301,8.584
2024-05-27,H002,summer,no,29.51,0.523,0.504,0.396,0.88,0.186,0.156,0.285,0.274,8.202
2024-05-28,H001,summer,no,31.93,0.889,0.55,0.29,0.782,0.124,0.252,0.25,0.22,9.123
2024-05-29,H003,summer,no,30.11,0.83,0.472,0.168,0.73,0.19,0.225,0.137,0.546,9.431
2024-05-30,H004,summer,no,29.48,0.475,0.648,0.1,0.613,0.176,0.21,0.228,0.3,7.414
2024-05-31,H002,summer,no,27.72,0.189,0.545,0.193,0.681,0.089,0.225,0.213,0.383,5.035
2024-06-01,H003,summer,no,23.15,0.0,0.553,0.299,0.477,0.157,0.243,0.265,0.174,4.561
2024-06-02,H004,summer,no,25.53,0.0,0.631,0.295,0.572,0.226,0.242,0.257,0.486,5.786
2024-06-03,H003,summer,no,26.39,0.172,0.59,0.344,0.563,0.226,0.141,0.217,0.367,5.814
2024-06-04,H004,summer,no,30.04,0.583,0.497,0.262,0.774,0.162,0.263,0.214,0.306,7.764
2024-06-05,H001,summer,no,26.76,0.242,0.511,0.222,0.662,0.234,0.218,0.255,0.306,6.568
2024-06-06,H002,summer,no,28.47,0.357,0.58,0.271,0.651,0.102,0.17,0.327,0.437,6.583
2024-06-07,H003,summer,no,25.5,0.048,0.513,0.302,0.501,0.104,0.216,0.272,0.055,4.551
2024-06-08,H002,summer,no,24.13,0.0,0.423,0.316,0.527,0.16,0.224,0.364,0.268,4.959
2024-06-09,H005,summer,no,24.57,0.0,0.547,0.245,0.4,0.3,0.276,0.341,0.338,5.589
2024-06-10,H004,summer,no,25.05,0.0,0.461,0.363,0.435,0.193,0.127,0.37,0.337,4.233
2024-06-11,H003,summer,no,30.76,0.692,0.647,0.257,0.716,0.158,0.293,0.359,0.601,8.98
2024-06-12,H004,summer,no,24.86,0.0,0.561,0.239,0.345,0.304,0.202,0.375,0.316,4.349
2024-06-13,H005,summer,no,28.18,0.363,0.496,0.262,0.683,0.157,0.165,0.158,0.449,6.563
2024-06-14,H001,summer,no,24.69,0.0,0.508,0.375,0.401,0.359,0.162,0.302,0.531,5.488
2024-06-15,H003,summer,no,28.36,0.388,0.437,0.291,0.587,0.139,0.13,0.347,0.417,7.432
2024-06-16,H003,summer,no,27.27,0.262,0.484,0.251,0.564,0.099,0.078,0.362,0.283,6.046
2024-06-17,H004,summer,no,26.19,0.147,0.611,0.365,0.541,0.167,0.247,0.188,0.222,5.799
2024-06-18,H002,summer,no,26.42,0.125,0.684,0.45,0.519,0.16,0.339,0.303,0.425,6.076
2024-06-19,H002,summer,no,25.19,0.079,0.594,0.315,0.492,0.115,0.087,0.256,0.515,5.744
2024-06-20,H004,summer,no,27.39,0.414,0.544,0.386,0.581,0.388,0.133,0.398,0.405,7.559
2024-06-21,H005,summer,no,25.59,0.037,0.524,0.373,0.478,0.205,0.253,0.139,0.473,4.08
2024-06-22,H001,summer,no,24.05,0.0,0.493,0.258,0.39,0.217,0.197,0.188,0.609,5.487
2024-06-23,H004,summer,no,23.94,0.0,0.674,0.302,0.534,0.143,0.258,0.105,0.434,5.14
2024-06-24,H004,summer,no,26.85,0.26,0.539,0.21,0.395,0.134,0.193,0.262,0.24,5.661
2024-06-25,H001,summer,no,29.66,0.708,0.677,0.286,0.66,0.262,0.159,0.431,0.355,9.201
2024-06-26,H004,summer,no,26.82,0.268,0.634,0.256,0.525,0.046,0.184,0.246,0.487,5.72
2024-06-27,H005,summer,no,26.26,0.016,0.446,0.272,0.574,0.089,0.033,0.258,0.325,4.549
2024-06-28,H005,summer,no,27.07,0.295,0.51,0.248,0.457,0.16,0.12,0.294,0.501,6.456
2024-06-29,H001,summer,no,29.11,0.613,0.51,0.28,0.614,0.288,0.266,0.241,0.343,8.676
2024-06-30,H005,summer,no,26.94,0.225,0.545,0.337,0.559,0.15,0.283,0.279,0.383,6.367
2024-07-01,H002,monsoon,no,21.18,0.0,0.546,0.292,0.423,0.213,0.298,0.281,0.315,5.279
2024-07-02,H003,monsoon,no,24.21,0.0,0.73,0.169,0.485,0.182,0.231,0.182,0.366,4.54
2024-07-03,H002,monsoon,no,22.86,0.0,0.485,0.248,0.31,0.284,0.042,0.242,0.371,4.239
2024-07-04,H004,monsoon,no,25.07,0.02,0.564,0.194,0.454,0.053,0.156,0.309,0.189,4.458
2024-07-05,H001,monsoon,no,22.37,0.0,0.587,0.317,0.456,0.239,0.293,0.324,0.306,5.24
2024-07-06,H004,monsoon,no,19.55,0.0,0.55,0.335,0.176,0.164,0.314,0.354,0.227,4.895
2024-07-07,H001,monsoon,no,19.26,0.0,0.557,0.318,0.254,0.254,0.295,0.277,0.309,5.593
2024-07-08,H005,monsoon,no,25.3,0.0,0.487,0.245,0.501,0.114,0.183,0.278,0.27,4.676
2024-07-09,H002,monsoon,no,25.45,0.0,0.556,0.317,0.477,0.182,0.109,0.31,0.451,4.972
2024-07-10,H003,monsoon,no,21.64,0.0,0.581,0.267,0.571,0.172,0.197,0.202,0.452,5.058
2024-07-11,H002,monsoon,no,21.23,0.0,0.57,0.22,0.306,0.1,0.201,0.199,0.406,4.693
2024-07-12,H001,monsoon,no,24.92,0.0,0.584,0.352,0.523,0.078,0.31,0.24,0.223,4.922
2024-07-13,H001,monsoon,no,19.79,0.0,0.635,0.357,0.22,0.134,0.216,0.148,0.34,4.207
2024-07-14,H005,monsoon,no,20.21,0.0,0.606,0.366,0.341,0.19,0.201,0.283,0.215,5.478
2024-07-15,H001,monsoon,no,23.29,0.0,0.554,0.257,0.491,0.119,0.205,0.334,0.335,4.885
2024-07-16,H001,monsoon,no,21.21,0.0,0.48,0.383,0.291,0.154,0.228,0.193,0.415,4.827
2024-07-17,H003,monsoon,no,21.99,0.0,0.514,0.265,0.365,0.029,0.244,0.285,0.449,4.466
2024-07-18,H005,monsoon,no,21.67,0.0,0.537,0.346,0.285,0.15,0.149,0.2,0.397,3.868
2024-07-19,H001,monsoon,no,22.68,0.0,0.565,0.264,0.305,0.262,0.126,0.169,0.476,3.841
2024-07-20,H002,monsoon,no,24.81,0.0,0.521,0.284,0.566,0.236,0.296,0.414,0.376,5.372
2024-07-21,H003,monsoon,no,22.18,0.0,0.494,0.131,0.333,0.173,0.085,0.17,0.327,4.642
2024-07-22,H003,monsoon,no,23.29,0.0,0.479,0.279,0.228,0.199,0.315,0.148,0.437,4.973
2024-07-23,H001,monsoon,no,17.9,0.0,0.451,0.306,0.347,0.114,0.066,0.267,0.441,4.526
2024-07-24,H005,monsoon,no,21.9,0.0,0.536,0.271,0.302,0.31,0.159,0.271,0.298,4.319
2024-07-25,H002,monsoon,no,20.31,0.0,0.462,0.423,0.283,0.345,0.268,0.303,0.388,4.779
2024-07-26,H004,monsoon,no,19.56,0.0,0.49,0.219,0.404,0.193,0.2,0.41,0.321,5.284
2024-07-27,H003,monsoon,no,20.24,0.0,0.526,0.261,0.288,0.387,0.108,0.188,0.149,4.311
2024-07-28,H003,monsoon,no,21.33,0.0,0.47,0.237,0.33,0.126,0.23,0.204,0.394,5.504
2024-07-29,H005,monsoon,no,23.83,0.0,0.573,0.261,0.345,0.08,0.205,0.379,0.221,5.248
2024-07-30,H002,monsoon,no,19.35,0.0,0.594,0.372,0.133,0.123,0.185,0.325,0.383,5.354
2024-07-31,H005,monsoon,no,22.06,0.0,0.517,0.403,0.359,0.162,0.156,0.314,0.196,4.763
2024-08-01,H002,monsoon,no,16.53,0.0,0.524,0.251,0.18,0.365,0.198,0.203,0.278,4.384
2024-08-02,H002,monsoon,no,16.84,0.0,0.582,0.249,0.188,0.158,0.159,0.34,0.307,4.61
2024-08-03,H001,monsoon,no,19.51,0.0,0.507,0.219,0.232,0.111,0.37,0.314,0.47,5.388
2024-08-04,H002,monsoon,no,18.58,0.0,0.503,0.391,0.235,0.108,0.183,0.265,0.297,4.554
2024-08-05,H003,monsoon,no,20.17,0.0,0.622,0.378,0.15,0.271,0.174,0.203,0.243,4.155
2024-08-06,H004,monsoon,no,17.19,0.0,0.603,0.293,0.214,0.26,0.162,0.259,0.386,4.596
2024-08-07,H003,monsoon,no,16.11,0.0,0.586,0.202,0.147,0.141,0.324,0.382,0.328,4.379
2024-08-08,H002,monsoon,no,17.05,0.0,0.606,0.209,0.33,0.03,0.085,0.162,0.429,4.664
2024-08-09,H002,monsoon,no,17.98,0.0,0.431,0.312,0.21,0.09,0.225,0.186,0.249,3.864
2024-08-10,H005,monsoon,no,17.85,0.0,0.631,0.338,0.129,0.318,0.183,0.2,0.371,5.066
2024-08-11,H002,monsoon,no,15.33,0.0,0.574,0.155,0.1,0.235,0.1,0.217,0.597,5.103
2024-08-12,H002,monsoon,no,17.68,0.0,0.611,0.278,0.171,0.185,0.143,0.249,0.326,4.882
2024-08-13,H005,monsoon,no,17.96,0.0,0.573,0.413,0.243,0.33,0.222,0.327,0.369,5.151
2024-08-14,H004,monsoon,no,22.53,0.0,0.553,0.285,0.394,0.337,0.139,0.287,0.184,4.892
2024-08-15,H005,monsoon,no,21.25,0.0,0.533,0.404,0.239,0.177,0.218,0.255,0.265,4.226
2024-08-16,H002,monsoon,no,15.79,0.0,0.572,0.345,0.1,0.179,0.321,0.272,0.396,5.041
2024-08-17,H003,monsoon,no,16.93,0.0,0.531,0.224,0.188,0.133,0.212,0.3,0.317,5.163
2024-08-18,H004,monsoon,no,14.57,0.0,0.602,0.28,0.184,0.157,0.098,0.115,0.411,3.928
2024-08-19,H005,monsoon,no,16.32,0.0,0.455,0.291,0.149,0.061,0.141,0.336,0.392,4.858
2024-08-20,H004,monsoon,no,18.13,0.0,0.518,0.233,0.28,0.061,0.18,0.184,0.218,3.816
2024-08-21,H003,monsoon,no,19.91,0.0,0.673,0.232,0.367,0.042,0.175,0.215,0.452,4.822
2024-08-22,H003,monsoon,no,16.04,0.0,0.512,0.405,0.153,0.267,0.211,0.277,0.226,4.591
2024-08-23,H002,monsoon,no,16.19,0.0,0.536,0.232,0.1,0.055,0.222,0.244,0.274,4.033
2024-08-24,H003,monsoon,no,13.21,0.0,0.497,0.375,0.1,0.336,0.321,0.289,0.373,5.119
2024-08-25,H002,monsoon,no,17.17,0.0,0.57,0.269,0.274,0.122,0.2,0.261,0.507,4.677
2024-08-26,H001,monsoon,no,15.38,0.0,0.506,0.298,0.147,0.319,0.119,0.227,0.25,4.526
2024-08-27,H005,monsoon,no,16.44,0.0,0.539,0.339,0.208,0.151,0.281,0.372,0.365,4.694
2024-08-28,H001,monsoon,no,15.75,0.0,0.601,0.258,0.1,0.055,0.288,0.307,0.366,3.975
2024-08-29,H002,monsoon,no,17.31,0.0,0.508,0.34,0.166,0.283,0.216,0.274,0.416,4.354
2024-08-30,H002,monsoon,no,13.98,0.0,0.597,0.157,0.1,0.292,0.183,0.305,0.468,4.171
2024-08-31,H002,monsoon,no,14.57,0.0,0.599,0.331,0.1,0.108,0.244,0.194,0.31,4.472
2024-09-01,H003,monsoon,no,18.46,0.0,0.613,0.127,0.322,0.153,0.185,0.424,0.451,5.368
2024-09-02,H005,monsoon,no,11.63,0.0,0.558,0.284,0.1,0.108,0.056,0.163,0.483,3.855
2024-09-03,H002,monsoon,no,12.01,0.0,0.744,0.36,0.1,0.17,0.239,0.259,0.528,5.268
2024-09-04,H004,monsoon,no,17.88,0.0,0.613,0.344,0.199,0.189,0.262,0.227,0.4,4.692
2024-09-05,H004,monsoon,no,20.02,0.0,0.569,0.209,0.181,0.152,0.301,0.224,0.366,4.362
2024-09-06,H004,monsoon,no,11.86,0.0,0.497,0.218,0.1,0.034,0.149,0.214,0.303,3.862
2024-09-07,H004,monsoon,no,13.47,0.0,0.544,0.252,0.1,0.134,0.216,0.188,0.204,4.875
2024-09-08,H004,monsoon,no,14.89,0.0,0.636,0.313,0.1,0.236,0.217,0.345,0.322,4.592
2024-09-09,H004,monsoon,no,17.66,0.0,0.653,0.158,0.344,0.163,0.206,0.154,0.361,5.082
2024-09-10,H004,monsoon,no,12.23,0.0,0.639,0.299,0.1,0.154,0.208,0.329,0.339,4.912
2024-09-11,H003,monsoon,no,13.72,0.0,0.597,0.322,0.1,0.106,0.203,0.302,0.41,4.496
2024-09-12,H001,monsoon,no,15.76,0.0,0.475,0.28,0.151,0.131,0.215,0.22,0.205,4.496
2024-09-13,H003,monsoon,no,15.08,0.0,0.579,0.337,0.1,0.293,0.252,0.293,0.332,4.613
2024-09-14,H004,monsoon,no,13.45,0.0,0.476,0.316,0.188,0.089,0.285,0.237,0.549,5.013
2024-09-15,H002,monsoon,no,13.94,0.0,0.461,0.262,0.112,0.238,0.147,0.162,0.45,4.383
2024-09-16,H002,monsoon,no,11.46,0.0,0.564,0.164,0.1,0.184,0.188,0.163,0.412,4.511
2024-09-17,H003,monsoon,no,13.73,0.0,0.581,0.309,0.1,0.2,0.17,0.302,0.389,4.295
2024-09-18,H001,monsoon,no,13.67,0.0,0.604,0.233,0.1,0.121,0.16,0.298,0.313,4.267
2024-09-19,H004,monsoon,no,14.67,0.0,0.58,0.26,0.1,0.152,0.087,0.269,0.175,4.292
2024-09-20,H005,monsoon,no,13.1,0.0,0.582,0.334,0.1,0.18,0.202,0.219,0.396,4.827
2024-09-21,H003,monsoon,no,15.15,0.0,0.491,0.399,0.13,0.138,0.234,0.235,0.105,4.227
2024-09-22,H001,monsoon,no,16.23,0.0,0.544,0.297,0.118,0.207,0.189,0.224,0.317,4.958
2024-09-23,H002,monsoon,no,14.52,0.0,0.46,0.339,0.113,0.217,0.199,0.11,0.35,3.82
2024-09-24,H001,monsoon,no,14.91,0.0,0.43,0.199,0.122,0.354,0.229,0.255,0.305,3.629
2024-09-25,H003,monsoon,no,14.31,0.0,0.594,0.317,0.1,0.202,0.299,0.292,0.567,4.626
2024-09-26,H002,monsoon,no,14.21,0.0,0.505,0.296,0.109,0.027,0.171,0.255,0.532,4.563
2024-09-27,H004,monsoon,no,12.76,0.0,0.602,0.386,0.1,0.273,0.118,0.392,0.453,4.888
2024-09-28,H005,monsoon,no,14.84,0.0,0.617,0.262,0.1,0.164,0.194,0.17,0.257,4.346
2024-09-29,H003,monsoon,no,14.01,0.0,0.513,0.283,0.1,0.341,0.332,0.197,0.542,5.181
2024-09-30,H005,monsoon,no,18.39,0.0,0.585,0.374,0.316,0.298,0.119,0.261,0.412,4.922
2024-10-01,H003,post_monsoon,yes,16.15,0.0,0.51,0.294,0.113,0.14,0.246,0.27,0.256,4.74
2024-10-02,H001,post_monsoon,yes,13.77,0.0,0.439,0.222,0.151,0.238,0.281,0.098,0.353,3.853
2024-10-03,H005,post_monsoon,yes,11.47,0.0,0.557,0.479,0.1,0.132,0.034,0.298,0.446,4.705
2024-10-04,H002,post_monsoon,yes,10.78,0.0,0.522,0.224,0.1,0.18,0.229,0.27,0.29,4.56
2024-10-05,H005,post_monsoon,yes,15.38,0.0,0.524,0.295,0.1,0.234,0.242,0.08,0.364,4.351
2024-10-06,H004,post_monsoon,yes,13.53,0.0,0.669,0.324,0.115,0.269,0.181,0.241,0.382,4.817
2024-10-07,H005,post_monsoon,yes,13.96,0.0,0.458,0.319,0.1,0.252,0.155,0.185,0.24,4.245
2024-10-08,H004,post_monsoon,yes,9.51,0.0,0.573,0.287,0.1,0.186,0.159,0.214,0.323,4.528
2024-10-09,H003,post_monsoon,yes,14.85,0.0,0.49,0.287,0.1,0.379,0.177,0.143,0.247,4.532
2024-10-10,H002,post_monsoon,yes,13.91,0.0,0.604,0.284,0.1,0.151,0.179,0.283,0.437,4.561
2024-10-11,H002,post_monsoon,yes,10.78,0.0,0.568,0.222,0.1,0.051,0.166,0.391,0.259,4.26
2024-10-12,H002,post_monsoon,yes,12.06,0.0,0.573,0.451,0.1,0.067,0.176,0.271,0.379,4.912
2024-10-13,H002,post_monsoon,yes,13.53,0.0,0.493,0.285,0.134,0.298,0.283,0.077,0.211,4.903
2024-10-14,H003,post_monsoon,yes,13.1,0.0,0.504,0.342,0.1,0.174,0.115,0.273,0.237,4.864
2024-10-15,H005,post_monsoon,yes,12.42,0.0,0.606,0.277,0.1,0.193,0.078,0.234,0.232,3.631
2024-10-16,H001,post_monsoon,yes,12.79,0.0,0.656,0.275,0.1,0.137,0.284,0.162,0.321,4.84
2024-10-17,H004,post_monsoon,yes,12.5,0.0,0.579,0.268,0.1,0.144,0.187,0.278,0.368,4.589
2024-10-18,H004,post_monsoon,yes,13.31,0.0,0.496,0.192,0.1,0.117,0.173,0.32,0.386,4.648
2024-10-19,H003,post_monsoon,yes,15.94,0.0,0.57,0.289,0.207,0.218,0.192,0.197,0.173,5.326
2024-10-20,H002,post_monsoon,yes,7.87,0.0,0.696,0.272,0.1,0.172,0.215,0.119,0.333,4.668
2024-10-21,H003,post_monsoon,yes,12.53,0.0,0.556,0.382,0.1,0.215,0.163,0.089,0.275,4.749
2024-10-22,H005,post_monsoon,yes,13.35,0.0,0.638,0.216,0.1,0.207,0.235,0.197,0.403,4.269
2024-10-23,H005,post_monsoon,yes,13.59,0.0,0.506,0.26,0.1,0.146,0.133,0.238,0.323,4.401
2024-10-24,H004,post_monsoon,yes,12.26,0.0,0.547,0.237,0.1,0.063,0.179,0.209,0.342,4.216
2024-10-25,H003,post_monsoon,yes,9.49,0.0,0.587,0.401,0.1,0.056,0.045,0.195,0.276,4.292
2024-10-26,H004,post_monsoon,yes,13.66,0.0,0.574,0.239,0.1,0.422,0.282,0.295,0.522,5.278
2024-10-27,H004,post_monsoon,yes,16.45,0.0,0.504,0.339,0.201,0.298,0.188,0.287,0.222,5.318
2024-10-28,H004,post_monsoon,yes,9.93,0.0,0.501,0.368,0.1,0.287,0.247,0.266,0.31,5.389
2024-10-29,H001,post_monsoon,yes,14.73,0.0,0.609,0.29,0.1,0.126,0.233,0.315,0.361,4.431
2024-10-30,H001,post_monsoon,yes,12.34,0.0,0.621,0.204,0.1,0.181,0.238,0.197,0.325,4.629
2024-10-31,H002,post_monsoon,yes,12.88,0.0,0.641,0.205,0.1,0.115,0.199,0.162,0.274,4.645
2024-11-01,H002,post_monsoon,yes,12.1,0.0,0.658,0.36,0.1,0.075,0.227,0.208,0.169,4.377
2024-11-02,H004,post_monsoon,yes,13.54,0.0,0.558,0.212,0.1,0.133,0.133,0.203,0.281,5.085
2024-11-03,H003,post_monsoon,yes,16.81,0.0,0.531,0.327,0.128,0.286,0.118,0.086,0.254,4.579
2024-11-04,H005,post_monsoon,yes,15.37,0.0,0.631,0.308,0.1,0.247,0.193,0.206,0.518,4.894
2024-11-05,H004,post_monsoon,yes,17.67,0.0,0.593,0.326,0.235,0.102,0.152,0.338,0.576,4.725
2024-11-06,H001,post_monsoon,yes,16.56,0.0,0.491,0.333,0.14,0.155,0.3,0.314,0.345,4.859
2024-11-07,H005,post_monsoon,yes,15.08,0.0,0.488,0.235,0.1,0.24,0.226,0.292,0.21,4.519
2024-11-08,H004,post_monsoon,yes,17.69,0.0,0.58,0.232,0.177,0.134,0.15,0.261,0.424,4.876
2024-11-09,H002,post_monsoon,yes,15.08,0.0,0.539,0.35,0.184,0.186,0.181,0.366,0.252,4.963
2024-11-10,H001,post_monsoon,yes,15.86,0.0,0.548,0.256,0.1,0.212,0.209,0.165,0.295,4.567
2024-11-11,H004,post_monsoon,yes,13.61,0.0,0.614,0.107,0.1,0.211,0.195,0.173,0.287,4.525
2024-11-12,H001,post_monsoon,yes,14.34,0.0,0.596,0.345,0.164,0.2,0.219,0.34,0.3,5.443
2024-11-13,H002,post_monsoon,yes,12.81,0.0,0.63,0.227,0.1,0.128,0.205,0.252,0.315,4.776
2024-11-14,H003,post_monsoon,yes,16.18,0.0,0.434,0.333,0.191,0.136,0.103,0.196,0.219,4.883
2024-11-15,H001,post_monsoon,yes,11.85,0.0,0.565,0.397,0.1,0.089,0.049,0.294,0.28,4.642
2024-11-16,H002,post_monsoon,yes,15.77,0.0,0.592,0.301,0.118,0.055,0.174,0.215,0.452,5.084
2024-11-17,H002,post_monsoon,yes,13.82,0.0,0.458,0.37,0.1,0.171,0.239,0.183,0.347,5.108
2024-11-18,H001,post_monsoon,yes,16.55,0.0,0.511,0.311,0.218,0.245,0.175,0.181,0.363,5.225
2024-11-19,H005,post_monsoon,yes,15.71,0.0,0.5,0.411,0.211,0.07,0.287,0.276,0.127,5.02
2024-11-20,H002,post_monsoon,yes,17.85,0.0,0.551,0.226,0.291,0.202,0.197,0.266,0.445,4.547
2024-11-21,H003,post_monsoon,yes,15.67,0.0,0.648,0.299,0.1,0.243,0.295,0.371,0.281,5.354
2024-11-22,H005,post_monsoon,yes,11.06,0.0,0.671,0.347,0.1,0.033,0.281,0.227,0.462,4.903
2024-11-23,H003,post_monsoon,yes,14.07,0.0,0.501,0.287,0.1,0.158,0.274,0.225,0.365,4.872
2024-11-24,H002,post_monsoon,yes,11.86,0.0,0.582,0.381,0.1,0.312,0.116,0.365,0.294,4.691
2024-11-25,H004,post_monsoon,yes,13.17,0.0,0.584,0.27,0.1,0.224,0.201,0.329,0.182,4.117
2024-11-26,H004,post_monsoon,yes,17.23,0.0,0.573,0.445,0.246,0.03,0.286,0.262,0.567,4.997
2024-11-27,H001,post_monsoon,yes,15.48,0.0,0.574,0.449,0.152,0.233,0.219,0.125,0.43,4.367
2024-11-28,H005,post_monsoon,yes,12.81,0.0,0.568,0.32,0.1,0.12,0.239,0.185,0.436,4.509
2024-11-29,H001,post_monsoon,yes,12.18,0.0,0.651,0.339,0.1,0.235,0.103,0.166,0.532,5.072
2024-11-30,H004,post_monsoon,yes,14.27,0.0,0.616,0.383,0.1,0.125,0.334,0.253,0.372,5.067
2024-12-01,H001,winter,no,15.07,0.0,0.486,0.217,0.1,0.176,0.145,0.409,0.485,4.889
2024-12-02,H001,winter,no,16.16,0.0,0.598,0.208,0.1,0.137,0.06,0.578,0.302,4.185
2024-12-03,H001,winter,no,18.12,0.0,0.604,0.388,0.248,0.18,0.175,0.324,0.424,4.986
2024-12-04,H004,winter,no,19.81,0.0,0.569,0.319,0.276,0.135,0.029,0.357,0.287,4.645
2024-12-05,H003,winter,no,18.72,0.0,0.618,0.284,0.129,0.162,0.124,0.47,0.3,4.152
2024-12-06,H004,winter,no,12.92,0.0,0.561,0.301,0.1,0.086,0.379,0.492,0.36,4.59
2024-12-07,H002,winter,no,18.11,0.0,0.562,0.133,0.176,0.219,0.173,0.243,0.223,4.097
2024-12-08,H001,winter,no,17.64,0.0,0.557,0.287,0.323,0.194,0.1,0.311,0.383,5.197
2024-12-09,H004,winter,no,18.33,0.0,0.429,0.247,0.111,0.051,0.202,0.429,0.319,4.295
2024-12-10,H005,winter,no,20.73,0.0,0.545,0.364,0.305,0.259,0.137,0.558,0.151,4.975
2024-12-11,H005,winter,no,13.37,0.0,0.51,0.37,0.1,0.166,0.261,0.601,0.304,4.895
2024-12-12,H001,winter,no,16.32,0.0,0.479,0.34,0.1,0.193,0.138,0.417,0.315,4.606
2024-12-13,H005,winter,no,18.68,0.0,0.636,0.328,0.198,0.241,0.219,0.436,0.435,5.235
2024-12-14,H003,winter,no,14.34,0.0,0.58,0.195,0.205,0.206,0.12,0.383,0.379,4.777
2024-12-15,H001,winter,no,20.45,0.0,0.548,0.341,0.32,0.273,0.382,0.501,0.495,5.686
2024-12-16,H001,winter,no,18.24,0.0,0.516,0.344,0.156,0.157,0.235,0.572,0.402,4.978
2024-12-17,H003,winter,no,19.19,0.0,0.568,0.387,0.111,0.263,0.19,0.55,0.295,4.947
2024-12-18,H004,winter,no,16.36,0.0,0.609,0.448,0.1,0.19,0.179,0.448,0.344,5.624
2024-12-19,H001,winter,no,19.13,0.0,0.5,0.182,0.212,0.221,0.161,0.383,0.315,4.362
2024-12-20,H003,winter,no,19.64,0.0,0.55,0.273,0.225,0.212,0.147,0.451,0.399,4.934
2024-12-21,H002,winter,no,17.97,0.0,0.602,0.248,0.191,0.279,0.145,0.56,0.356,5.559
2024-12-22,H005,winter,no,17.97,0.0,0.434,0.312,0.1,0.238,0.317,0.418,0.287,5.495
2024-12-23,H004,winter,no,18.04,0.0,0.547,0.301,0.204,0.145,0.161,0.305,0.351,4.207
2024-12-24,H002,winter,no,15.77,0.0,0.524,0.284,0.203,0.129,0.051,0.421,0.396,4.975
2024-12-25,H003,winter,no,17.2,0.0,0.542,0.372,0.308,0.176,0.118,0.428,0.249,4.711
2024-12-26,H005,winter,no,17.19,0.0,0.52,0.223,0.1,0.119,0.265,0.304,0.382,5.239
2024-12-27,H004,winter,no,18.27,0.0,0.558,0.227,0.157,0.096,0.182,0.469,0.192,4.538
2024-12-28,H002,winter,no,19.5,0.0,0.665,0.228,0.202,0.01,0.191,0.49,0.461,4.717
2024-12-29,H005,winter,no,15.38,0.0,0.531,0.275,0.117,0.056,0.282,0.599,0.403,5.131
2024-12-30,H004,winter,no,17.25,0.0,0.568,0.214,0.1,0.339,0.146,0.343,0.513,5.238
2024-12-31,H001,winter,no,20.46,0.0,0.67,0.297,0.443,0.127,0.244,0.508,0.238,5.23
2025-01-01,H004,winter,no,20.51,0.0,0.517,0.288,0.314,0.332,0.153,0.527,0.463,5.249
2025-01-02,H005,winter,no,20.36,0.0,0.659,0.245,0.294,0.212,0.24,0.492,0.444,5.497
2025-01-03,H005,winter,no,22.4,0.0,0.55,0.361,0.514,0.176,0.173,0.369,0.332,4.948
2025-01-04,H001,winter,no,23.69,0.0,0.657,0.296,0.436,0.06,0.183,0.365,0.312,5.142
2025-01-05,H005,winter,no,22.02,0.0,0.595,0.374,0.403,0.18,0.257,0.458,0.241,5.178
2025-01-06,H005,winter,no,24.66,0.0,0.568,0.286,0.416,0.331,0.252,0.457,0.215,5.827
2025-01-07,H001,winter,no,23.71,0.0,0.546,0.298,0.329,0.305,0.188,0.405,0.275,4.54
2025-01-08,H004,winter,no,23.68,0.0,0.513,0.261,0.389,0.202,0.167,0.553,0.224,5.016
2025-01-09,H004,winter,no,23.11,0.0,0.555,0.3,0.589,0.088,0.312,0.418,0.51,5.56
2025-01-10,H001,winter,no,26.66,0.027,0.604,0.35,0.607,0.103,0.241,0.299,0.2,5.113
2025-01-11,H005,winter,no,21.59,0.0,0.549,0.271,0.376,0.112,0.173,0.432,0.365,4.751
2025-01-12,H002,winter,no,17.99,0.0,0.531,0.336,0.132,0.282,0.154,0.488,0.394,4.925
2025-01-13,H002,winter,no,25.21,0.0,0.535,0.243,0.571,0.311,0.272,0.477,0.386,5.694
2025-01-14,H002,winter,no,21.08,0.0,0.61,0.353,0.225,0.196,0.208,0.477,0.395,4.811
2025-01-15,H003,winter,no,22.22,0.0,0.624,0.259,0.253,0.156,0.189,0.57,0.445,4.418
2025-01-16,H004,winter,no,24.62,0.024,0.51,0.36,0.43,0.304,0.208,0.361,0.305,5.351
2025-01-17,H005,winter,no,18.8,0.0,0.51,0.304,0.398,0.102,0.224,0.416,0.359,4.564
2025-01-18,H002,winter,no,19.5,0.0,0.573,0.406,0.422,0.184,0.196,0.574,0.321,5.943
2025-01-19,H005,winter,no,18.8,0.0,0.642,0.219,0.206,0.217,0.284,0.293,0.48,5.166
2025-01-20,H005,winter,no,20.41,0.0,0.619,0.197,0.253,0.111,0.288,0.446,0.56,4.966
2025-01-21,H001,winter,no,22.88,0.0,0.475,0.257,0.274,0.129,0.237,0.548,0.231,4.765
2025-01-22,H002,winter,no,23.05,0.0,0.534,0.203,0.418,0.123,0.296,0.547,0.147,4.516
2025-01-23,H001,winter,no,22.55,0.0,0.494,0.203,0.405,0.293,0.201,0.503,0.407,4.876
2025-01-24,H005,winter,no,19.17,0.0,0.534,0.344,0.32,0.333,0.248,0.505,0.457,5.344
2025-01-25,H003,winter,no,17.38,0.0,0.646,0.3,0.258,0.189,0.27,0.367,0.546,5.114
2025-01-26,H002,winter,no,22.11,0.0,0.465,0.266,0.359,0.159,0.271,0.56,0.424,5.738
2025-01-27,H005,winter,no,21.06,0.0,0.453,0.273,0.377,0.132,0.264,0.354,0.49,4.756
2025-01-28,H004,winter,no,22.92,0.0,0.5,0.258,0.351,0.18,0.244,0.359,0.516,4.447
2025-01-29,H005,winter,no,23.4,0.0,0.567,0.416,0.469,0.136,0.337,0.481,0.496,5.375
2025-01-30,H005,winter,no,22.28,0.0,0.587,0.249,0.34,0.172,0.162,0.411,0.438,4.971
2025-01-31,H005,winter,no,23.52,0.0,0.576,0.207,0.468,0.213,0.189,0.467,0.222,4.829
2025-02-01,H002,winter,no,26.96,0.251,0.621,0.356,0.599,0.148,0.185,0.484,0.349,7.166
2025-02-02,H002,winter,no,27.56,0.251,0.444,0.285,0.598,0.165,0.174,0.592,0.38,7.122
2025-02-03,H001,winter,no,25.09,0.076,0.621,0.443,0.557,0.165,0.061,0.485,0.34,6.555
2025-02-04,H002,winter,no,26.14,0.098,0.531,0.263,0.41,0.155,0.296,0.401,0.346,5.883
2025-02-05,H003,winter,no,26.89,0.124,0.594,0.359,0.481,0.145,0.128,0.504,0.507,5.411
2025-02-06,H003,winter,no,28.14,0.474,0.471,0.376,0.594,0.241,0.212,0.383,0.274,7.425
2025-02-07,H004,winter,no,25.71,0.046,0.55,0.264,0.403,0.038,0.1,0.523,0.43,5.015
2025-02-08,H004,winter,no,27.54,0.285,0.564,0.248,0.559,0.306,0.243,0.455,0.382,7.439
2025-02-09,H005,winter,no,25.97,0.124,0.619,0.352,0.499,0.191,0.145,0.482,0.264,5.864
2025-02-10,H003,winter,no,26.26,0.25,0.455,0.34,0.645,0.229,0.12,0.308,0.242,5.97
2025-02-11,H002,winter,no,28.16,0.396,0.552,0.201,0.628,0.238,0.214,0.27,0.18,6.413
2025-02-12,H003,winter,no,22.51,0.0,0.485,0.221,0.473,0.123,0.151,0.33,0.399,4.477
2025-02-13,H005,winter,no,23.91,0.0,0.58,0.122,0.47,0.107,0.16,0.59,0.344,4.825
2025-02-14,H005,winter,no,23.54,0.0,0.597,0.342,0.389,0.097,0.212,0.358,0.267,4.704
2025-02-15,H005,winter,no,21.83,0.0,0.627,0.282,0.374,0.16,0.256,0.509,0.162,4.966
2025-02-16,H003,winter,no,25.14,0.018,0.518,0.289,0.554,0.236,0.143,0.399,0.393,5.931
2025-02-17,H004,winter,no,28.0,0.196,0.606,0.182,0.705,0.133,0.131,0.431,0.333,6.301
2025-02-18,H003,winter,no,25.93,0.145,0.632,0.223,0.517,0.229,0.202,0.446,0.279,5.414
2025-02-19,H001,winter,no,26.9,0.393,0.451,0.267,0.434,0.0,0.238,0.582,0.254,6.784
2025-02-20,H004,winter,no,28.68,0.586,0.587,0.253,0.5,0.149,0.302,0.497,0.326,7.665
2025-02-21,H001,winter,no,29.16,0.666,0.608,0.308,0.63,0.273,0.125,0.481,0.397,9.335
2025-02-22,H004,winter,no,26.36,0.089,0.534,0.341,0.357,0.166,0.178,0.554,0.317,6.451
2025-02-23,H005,winter,no,29.21,0.599,0.477,0.459,0.802,0.114,0.282,0.399,0.231,8.74
2025-02-24,H001,winter,no,26.68,0.153,0.607,0.299,0.605,0.127,0.338,0.535,0.344,6.04
2025-02-25,H004,winter,no,24.83,0.0,0.478,0.378,0.432,0.0,0.13,0.522,0.455,4.718
2025-02-26,H005,winter,no,25.31,0.0,0.539,0.242,0.414,0.099,0.148,0.521,0.354,4.757
2025-02-27,H004,winter,no,23.54,0.0,0.548,0.183,0.514,0.265,0.227,0.438,0.357,5.148
2025-02-28,H004,winter,no,24.72,0.0,0.593,0.275,0.39,0.133,0.16,0.415,0.317,5.339
2025-03-01,H005,summer,no,29.08,0.582,0.512,0.188,0.572,0.143,0.147,0.18,0.261,8.06
2025-03-02,H004,summer,no,31.4,0.864,0.509,0.301,0.685,0.0,0.217,0.185,0.258,9.622
2025-03-03,H001,summer,no,33.24,1.052,0.556,0.245,0.829,0.05,0.308,0.177,0.184,10.193
2025-03-04,H004,summer,no,27.03,0.146,0.61,0.163,0.621,0.275,0.108,0.279,0.468,5.445
2025-03-05,H004,summer,no,30.58,0.673,0.687,0.422,0.809,0.229,0.305,0.232,0.396,8.852
2025-03-06,H002,summer,no,27.71,0.279,0.46,0.262,0.682,0.076,0.16,0.285,0.358,6.207
2025-03-07,H004,summer,no,30.74,0.788,0.569,0.185,0.72,0.13,0.224,0.289,0.38,8.588
2025-03-08,H005,summer,no,29.53,0.661,0.485,0.363,0.753,0.178,0.311,0.165,0.384,8.947
2025-03-09,H005,summer,no,26.13,0.226,0.611,0.249,0.482,0.084,0.223,0.163,0.277,6.315
2025-03-10,H005,summer,no,31.65,0.771,0.494,0.376,0.61,0.02,0.179,0.232,0.317,8.741
2025-03-11,H004,summer,no,28.58,0.229,0.51,0.249,0.58,0.167,0.25,0.188,0.303,6.072
2025-03-12,H001,summer,no,28.73,0.324,0.515,0.262,0.575,0.226,0.188,0.18,0.601,6.028
2025-03-13,H003,summer,no,27.65,0.446,0.545,0.324,0.546,0.227,0.236,0.386,0.452,8.047
2025-03-14,H002,summer,no,28.49,0.404,0.569,0.342,0.553,0.25,0.186,0.127,0.367,6.379
2025-03-15,H001,summer,no,30.65,0.646,0.579,0.354,0.679,0.056,0.26,0.412,0.487,8.979
2025-03-16,H002,summer,no,29.42,0.683,0.55,0.294,0.716,0.185,0.102,0.273,0.474,9.146
2025-03-17,H005,summer,no,30.45,0.783,0.47,0.337,0.845,0.159,0.129,0.329,0.212,9.117
2025-03-18,H003,summer,no,30.52,0.692,0.594,0.352,0.573,0.173,0.101,0.319,0.328,8.029
2025-03-19,H004,summer,no,32.44,0.906,0.547,0.314,0.684,0.163,0.196,0.299,0.348,9.284
2025-03-20,H003,summer,no,29.11,0.503,0.62,0.29,0.591,0.127,0.093,0.383,0.411,7.725
2025-03-21,H002,summer,no,26.84,0.248,0.508,0.199,0.625,0.0,0.152,0.163,0.328,5.803
2025-03-22,H003,summer,no,31.93,0.994,0.454,0.342,0.751,0.273,0.122,0.237,0.34,10.025
2025-03-23,H005,summer,no,29.13,0.55,0.548,0.303,0.597,0.206,0.304,0.182,0.304,8.231
2025-03-24,H002,summer,no,32.02,0.936,0.628,0.271,0.828,0.061,0.131,0.114,0.455,9.127
2025-03-25,H002,summer,no,30.56,0.789,0.56,0.389,0.789,0.218,0.11,0.197,0.206,9.203
2025-03-26,H005,summer,no,29.53,0.473,0.538,0.2,0.67,0.144,0.217,0.4,0.307,7.148
2025-03-27,H002,summer,no,30.49,0.747,0.498,0.415,0.644,0.146,0.318,0.236,0.166,8.746
2025-03-28,H005,summer,no,33.7,1.063,0.655,0.298,0.859,0.119,0.192,0.409,0.247,10.755
2025-03-29,H005,summer,no,33.95,0.917,0.488,0.322,0.829,0.223,0.197,0.417,0.382,10.883
2025-03-30,H001,summer,no,29.93,0.446,0.506,0.272,0.668,0.116,0.29,0.49,0.384,8.055
2025-03-31,H004,summer,no,30.11,0.558,0.584,0.183,0.654,0.092,0.261,0.402,0.319,7.69
2025-04-01,H001,summer,no,33.15,1.062,0.439,0.29,0.89,0.271,0.23,0.439,0.462,11.166
2025-04-02,H005,summer,no,29.31,0.548,0.626,0.323,0.682,0.166,0.159,0.276,0.485,8.8
2025-04-03,H001,summer,no,31.67,0.848,0.587,0.347,0.84,0.168,0.232,0.268,0.343,9.912
2025-04-04,H005,summer,no,30.95,0.9,0.604,0.286,0.835,0.235,0.105,0.274,0.375,9.82
2025-04-05,H004,summer,no,31.63,0.727,0.583,0.147,0.792,0.127,0.156,0.25,0.305,8.607
2025-04-06,H003,summer,no,29.33,0.539,0.54,0.192,0.623,0.143,0.3,0.262,0.413,7.858
2025-04-07,H002,summer,no,27.82,0.377,0.486,0.444,0.686,0.204,0.291,0.31,0.231,7.398
2025-04-08,H002,summer,no,26.85,0.173,0.542,0.224,0.601,0.057,0.231,0.213,0.53,5.431
2025-04-09,H003,summer,no,28.77,0.473,0.491,0.4,0.849,0.198,0.065,0.14,0.464,7.491
2025-04-10,H005,summer,no,30.08,0.507,0.579,0.235,0.718,0.12,0.115,0.279,0.23,7.867
2025-04-11,H005,summer,no,30.41,0.789,0.598,0.287,0.762,0.248,0.152,0.195,0.271,9.103
2025-04-12,H003,summer,no,34.87,1.18,0.639,0.344,0.908,0.224,0.188,0.203,0.392,11.405
2025-04-13,H002,summer,no,33.21,1.189,0.572,0.243,0.811,0.213,0.112,0.239,0.316,12.148
2025-04-14,H003,summer,no,29.08,0.507,0.605,0.411,0.632,0.051,0.183,0.22,0.404,8.176
2025-04-15,H005,summer,no,31.7,0.919,0.532,0.305,0.781,0.172,0.324,0.339,0.314,10.188
2025-04-16,H003,summer,no,30.19,0.644,0.521,0.332,0.739,0.086,0.228,0.237,0.502,8.848
2025-04-17,H005,summer,no,30.43,0.676,0.578,0.281,0.8,0.177,0.215,0.343,0.351,8.681
2025-04-18,H001,summer,no,31.37,0.75,0.527,0.346,0.77,0.0,0.129,0.266,0.592,9.137
2025-04-19,H003,summer,no,32.24,0.914,0.566,0.411,0.743,0.057,0.085,0.243,0.41,9.808
2025-04-20,H001,summer,no,30.32,0.691,0.486,0.291,0.677,0.275,0.114,0.263,0.215,8.224
2025-04-21,H004,summer,no,33.13,0.953,0.497,0.421,0.709,0.21,0.082,0.147,0.559,10.805
2025-04-22,H004,summer,no,28.72,0.455,0.588,0.257,0.772,0.152,0.205,0.277,0.46,7.088
2025-04-23,H002,summer,no,31.01,0.703,0.603,0.353,0.687,0.107,0.227,0.318,0.388,8.903
2025-04-24,H004,summer,no,36.2,1.583,0.491,0.334,1.015,0.093,0.132,0.329,0.415,13.439
2025-04-25,H005,summer,no,31.45,0.799,0.59,0.225,0.77,0.196,0.21,0.142,0.231,9.083
2025-04-26,H003,summer,no,33.87,1.232,0.518,0.315,0.869,0.153,0.303,0.128,0.17,11.48
2025-04-27,H003,summer,no,31.18,0.757,0.551,0.301,0.728,0.304,0.337,0.207,0.346,9.515
2025-04-28,H001,summer,no,32.16,0.916,0.635,0.24,0.713,0.165,0.254,0.361,0.488,10.139
2025-04-29,H001,summer,no,30.89,0.63,0.598,0.325,0.648,0.185,0.188,0.268,0.39,8.507
2025-04-30,H003,summer,no,30.66,0.672,0.598,0.31,0.855,0.069,0.252,0.188,0.521,8.703
2025-05-01,H003,summer,no,28.24,0.421,0.665,0.295,0.629,0.151,0.295,0.134,0.482,7.273
2025-05-02,H004,summer,no,30.65,0.834,0.508,0.295,0.806,0.194,0.059,0.195,0.352,8.647
2025-05-03,H005,summer,no,28.09,0.404,0.491,0.294,0.724,0.15,0.304,0.19,0.468,8.234
2025-05-04,H001,summer,no,31.13,0.876,0.507,0.274,0.702,0.141,0.162,0.325,0.502,10.104
2025-05-05,H001,summer,no,31.96,0.922,0.535,0.31,0.802,0.206,0.163,0.331,0.342,10.003
2025-05-06,H003,summer,no,30.53,0.821,0.409,0.255,0.715,0.301,0.175,0.166,0.329,8.766
2025-05-07,H002,summer,no,29.22,0.523,0.538,0.486,0.566,0.192,0.222,0.31,0.364,7.541
2025-05-08,H004,summer,no,30.7,0.904,0.517,0.201,0.703,0.272,0.122,0.302,0.109,9.648
2025-05-09,H002,summer,no,29.18,0.483,0.597,0.259,0.704,0.23,0.18,0.156,0.378,7.416
2025-05-10,H003,summer,no,31.67,0.772,0.571,0.265,0.717,0.267,0.237,0.243,0.422,9.765
2025-05-11,H003,summer,no,26.13,0.045,0.514,0.443,0.509,0.131,0.215,0.277,0.364,5.089
2025-05-12,H004,summer,no,29.12,0.702,0.585,0.208,0.641,0.163,0.227,0.263,0.384,9.089
2025-05-13,H001,summer,no,25.81,0.167,0.593,0.33,0.691,0.164,0.177,0.113,0.346,6.073
2025-05-14,H005,summer,no,26.8,0.199,0.504,0.317,0.415,0.224,0.249,0.26,0.15,5.621
2025-05-15,H002,summer,no,32.52,1.04,0.52,0.323,0.831,0.243,0.274,0.301,0.516,11.031
2025-05-16,H002,summer,no,31.58,0.878,0.416,0.387,0.733,0.19,0.27,0.376,0.313,9.964
2025-05-17,H004,summer,no,28.36,0.577,0.485,0.385,0.573,0.25,0.23,0.196,0.288,7.716
2025-05-18,H001,summer,no,26.79,0.1,0.505,0.268,0.539,0.135,0.266,0.206,0.486,6.339
2025-05-19,H003,summer,no,23.87,0.0,0.554,0.314,0.498,0.251,0.261,0.233,0.448,5.295
2025-05-20,H001,summer,no,28.71,0.426,0.493,0.17,0.696,0.261,0.387,0.273,0.377,7.167
2025-05-21,H002,summer,no,34.64,1.046,0.519,0.307,0.89,0.234,0.285,0.258,0.427,10.413
2025-05-22,H004,summer,no,30.66,0.793,0.476,0.244,0.804,0.191,0.194,0.298,0.235,9.344
2025-05-23,H002,summer,no,28.68,0.438,0.56,0.287,0.739,0.237,0.136,0.16,0.342,7.27
2025-05-24,H005,summer,no,30.72,0.775,0.576,0.182,0.784,0.108,0.182,0.282,0.479,9.554
2025-05-25,H002,summer,no,26.67,0.398,0.574,0.328,0.513,0.196,0.177,0.191,0.282,7.126
2025-05-26,H004,summer,no,29.2,0.497,0.551,0.181,0.698,0.204,0.236,0.239,0.25,7.061
2025-05-27,H001,summer,no,29.99,0.59,0.458,0.31,0.73,0.074,0.151,0.387,0.358,8.164
2025-05-28,H005,summer,no,29.62,0.587,0.513,0.214,0.61,0.218,0.283,0.138,0.36,7.714
2025-05-29,H004,summer,no,31.38,0.876,0.526,0.241,0.619,0.08,0.103,0.228,0.415,9.055
2025-05-30,H004,summer,no,30.48,0.64,0.526,0.381,0.548,0.146,0.086,0.148,0.212,8.533
2025-05-31,H002,summer,no,31.13,0.716,0.554,0.341,0.741,0.183,0.191,0.262,0.095,9.192
2025-06-01,H002,summer,no,25.12,0.1,0.636,0.38,0.519,0.122,0.141,0.334,0.442,6.324
2025-06-02,H003,summer,no,28.3,0.442,0.599,0.409,0.527,0.187,0.112,0.264,0.242,8.057
2025-06-03,H002,summer,no,29.76,0.431,0.491,0.246,0.764,0.185,0.155,0.241,0.289,7.212
2025-06-04,H001,summer,no,24.56,0.0,0.591,0.405,0.485,0.114,0.147,0.356,0.132,4.839
2025-06-05,H004,summer,no,24.72,0.086,0.588,0.197,0.587,0.225,0.201,0.276,0.452,5.3
2025-06-06,H004,summer,no,29.17,0.554,0.502,0.352,0.687,0.119,0.157,0.316,0.385,7.686
2025-06-07,H004,summer,no,26.12,0.079,0.601,0.265,0.449,0.363,0.162,0.307,0.381,5.184
2025-06-08,H003,summer,no,29.31,0.525,0.54,0.235,0.699,0.171,0.2,0.02,0.38,7.94
2025-06-09,H003,summer,no,25.61,0.078,0.465,0.343,0.568,0.086,0.271,0.244,0.144,4.566
2025-06-10,H005,summer,no,29.41,0.61,0.577,0.366,0.623,0.101,0.303,0.164,0.251,8.269
2025-06-11,H003,summer,no,26.76,0.112,0.563,0.364,0.445,0.272,0.21,0.184,0.305,5.423
2025-06-12,H004,summer,no,27.02,0.185,0.536,0.315,0.579,0.147,0.216,0.368,0.275,5.999
2025-06-13,H003,summer,no,29.63,0.601,0.548,0.309,0.595,0.071,0.187,0.22,0.323,7.731
2025-06-14,H001,summer,no,25.78,0.089,0.507,0.337,0.611,0.248,0.234,0.401,0.375,6.648
2025-06-15,H002,summer,no,24.62,0.0,0.587,0.321,0.442,0.147,0.227,0.137,0.451,5.555
2025-06-16,H004,summer,no,25.6,0.0,0.547,0.338,0.652,0.232,0.293,0.163,0.202,4.979
2025-06-17,H004,summer,no,27.4,0.329,0.56,0.314,0.416,0.255,0.068,0.311,0.349,6.158
2025-06-18,H004,summer,no,23.37,0.0,0.571,0.359,0.436,0.202,0.184,0.223,0.421,5.242
2025-06-19,H004,summer,no,27.77,0.386,0.481,0.186,0.715,0.372,0.224,0.275,0.258,6.734
2025-06-20,H002,summer,no,25.42,0.064,0.496,0.291,0.436,0.042,0.198,0.241,0.331,4.252
2025-06-21,H005,summer,no,28.8,0.467,0.417,0.203,0.629,0.115,0.134,0.239,0.397,7.455
2025-06-22,H004,summer,no,21.71,0.0,0.584,0.319,0.326,0.16,0.109,0.226,0.351,5.322
2025-06-23,H002,summer,no,24.93,0.0,0.477,0.415,0.432,0.361,0.256,0.264,0.417,5.081
2025-06-24,H003,summer,no,23.13,0.0,0.558,0.267,0.435,0.324,0.147,0.301,0.359,5.123
2025-06-25,H005,summer,no,24.85,0.0,0.572,0.309,0.38,0.283,0.077,0.379,0.319,4.771
2025-06-26,H001,summer,no,27.0,0.178,0.586,0.353,0.561,0.116,0.26,0.234,0.233,6.026
2025-06-27,H002,summer,no,26.14,0.103,0.478,0.155,0.577,0.126,0.232,0.219,0.375,5.541
2025-06-28,H001,summer,no,25.99,0.14,0.546,0.263,0.513,0.114,0.192,0.208,0.36,5.636
2025-06-29,H002,summer,no,26.18,0.118,0.65,0.326,0.457,0.117,0.136,0.368,0.251,5.461
2025-06-30,H002,summer,no,26.91,0.277,0.653,0.1,0.649,0.299,0.192,0.305,0.408,6.129
2025-07-01,H005,monsoon,no,19.98,0.0,0.609,0.232,0.348,0.16,0.285,0.098,0.477,4.979
2025-07-02,H005,monsoon,no,23.41,0.0,0.57,0.377,0.343,0.171,0.087,0.095,0.284,3.94
2025-07-03,H005,monsoon,no,23.33,0.0,0.49,0.37,0.319,0.242,0.091,0.184,0.277,4.557
2025-07-04,H002,monsoon,no,22.77,0.0,0.593,0.326,0.325,0.047,0.156,0.268,0.274,4.721
2025-07-05,H005,monsoon,no,23.11,0.0,0.541,0.362,0.458,0.184,0.198,0.247,0.182,4.874
2025-07-06,H001,monsoon,no,22.59,0.0,0.584,0.315,0.416,0.092,0.165,0.291,0.55,5.211
2025-07-07,H001,monsoon,no,26.07,0.128,0.512,0.339,0.596,0.156,0.245,0.236,0.305,5.914
2025-07-08,H002,monsoon,no,21.83,0.0,0.54,0.278,0.337,0.133,0.276,0.362,0.264,4.453
2025-07-09,H002,monsoon,no,21.39,0.0,0.56,0.308,0.271,0.129,0.22,0.312,0.237,4.223
2025-07-10,H005,monsoon,no,20.49,0.0,0.565,0.256,0.383,0.198,0.239,0.256,0.311,4.653
2025-07-11,H004,monsoon,no,19.94,0.0,0.58,0.388,0.243,0.198,0.219,0.342,0.28,5.252
2025-07-12,H004,monsoon,no,19.51,0.0,0.515,0.407,0.285,0.162,0.201,0.118,0.494,5.512
2025-07-13,H005,monsoon,no,20.22,0.0,0.469,0.397,0.175,0.21,0.109,0.243,0.225,4.587
2025-07-14,H004,monsoon,no,21.86,0.0,0.647,0.271,0.319,0.111,0.128,0.261,0.196,4.17
2025-07-15,H003,monsoon,no,22.67,0.0,0.699,0.233,0.477,0.235,0.105,0.298,0.405,5.418
2025-07-16,H001,monsoon,no,22.1,0.0,0.577,0.389,0.317,0.164,0.19,0.113,0.339,3.939
2025-07-17,H001,monsoon,no,20.47,0.0,0.471,0.338,0.374,0.141,0.216,0.229,0.328,4.648
2025-07-18,H005,monsoon,no,23.8,0.0,0.504,0.323,0.256,0.116,0.099,0.282,0.406,4.412
2025-07-19,H003,monsoon,no,23.48,0.0,0.581,0.256,0.384,0.161,0.205,0.288,0.364,5.567
2025-07-20,H005,monsoon,no,21.68,0.0,0.63,0.33,0.344,0.33,0.139,0.345,0.345,5.924
2025-07-21,H001,monsoon,no,20.69,0.0,0.477,0.224,0.457,0.175,0.125,0.311,0.209,4.156
2025-07-22,H004,monsoon,no,23.1,0.0,0.543,0.344,0.32,0.088,0.156,0.245,0.183,4.389
2025-07-23,H002,monsoon,no,22.38,0.0,0.562,0.397,0.439,0.254,0.122,0.304,0.28,4.73
2025-07-24,H002,monsoon,no,19.1,0.0,0.602,0.414,0.339,0.142,0.242,0.234,0.242,4.624
2025-07-25,H004,monsoon,no,21.86,0.0,0.529,0.35,0.307,0.203,0.188,0.262,0.377,4.936
2025-07-26,H003,monsoon,no,22.52,0.0,0.456,0.203,0.361,0.132,0.257,0.314,0.17,4.616
2025-07-27,H001,monsoon,no,20.2,0.0,0.587,0.314,0.309,0.282,0.169,0.246,0.305,5.171
2025-07-28,H005,monsoon,no,22.38,0.0,0.617,0.45,0.267,0.133,0.172,0.279,0.333,5.095
2025-07-29,H004,monsoon,no,19.09,0.0,0.545,0.239,0.217,0.292,0.331,0.327,0.346,5.405
2025-07-30,H002,monsoon,no,24.67,0.0,0.574,0.296,0.579,0.096,0.086,0.307,0.39,4.956
2025-07-31,H004,monsoon,no,24.5,0.0,0.522,0.399,0.512,0.157,0.29,0.349,0.317,5.179
2025-08-01,H001,monsoon,no,16.99,0.0,0.499,0.343,0.157,0.292,0.316,0.436,0.283,4.553
2025-08-02,H003,monsoon,no,18.23,0.0,0.612,0.474,0.228,0.193,0.254,0.306,0.474,6.004
2025-08-03,H003,monsoon,no,12.68,0.0,0.573,0.249,0.1,0.362,0.177,0.213,0.318,5.019
2025-08-04,H002,monsoon,no,15.19,0.0,0.579,0.231,0.159,0.158,0.3,0.291,0.492,4.756
2025-08-05,H003,monsoon,no,16.91,0.0,0.64,0.386,0.122,0.201,0.177,0.288,0.317,4.675
2025-08-06,H005,monsoon,no,15.36,0.0,0.487,0.216,0.227,0.332,0.151,0.299,0.348,4.712
2025-08-07,H001,monsoon,no,18.93,0.0,0.517,0.286,0.352,0.059,0.173,0.37,0.336,4.86
2025-08-08,H003,monsoon,no,21.49,0.0,0.559,0.295,0.404,0.049,0.16,0.115,0.373,4.657
2025-08-09,H005,monsoon,no,15.15,0.0,0.516,0.373,0.1,0.116,0.134,0.371,0.308,5.303
2025-08-10,H005,monsoon,no,15.83,0.0,0.597,0.343,0.1,0.245,0.278,0.398,0.36,5.341
2025-08-11,H005,monsoon,no,17.97,0.0,0.539,0.332,0.183,0.051,0.146,0.295,0.503,5.092
2025-08-12,H003,monsoon,no,20.72,0.0,0.49,0.272,0.324,0.228,0.198,0.297,0.455,5.153
2025-08-13,H003,monsoon,no,15.06,0.0,0.554,0.385,0.1,0.222,0.099,0.231,0.456,4.474
2025-08-14,H003,monsoon,no,18.0,0.0,0.56,0.582,0.249,0.341,0.202,0.251,0.216,4.396
2025-08-15,H005,monsoon,no,21.14,0.0,0.606,0.348,0.439,0.264,0.119,0.306,0.232,4.93
2025-08-16,H005,monsoon,no,14.2,0.0,0.574,0.307,0.104,0.209,0.117,0.301,0.372,5.36
2025-08-17,H002,monsoon,no,14.94,0.0,0.578,0.209,0.1,0.289,0.192,0.308,0.427,4.703
2025-08-18,H001,monsoon,no,16.65,0.0,0.569,0.255,0.1,0.223,0.274,0.3,0.298,4.559
2025-08-19,H002,monsoon,no,16.46,0.0,0.539,0.285,0.172,0.143,0.231,0.322,0.28,4.519
2025-08-20,H002,monsoon,no,19.13,0.0,0.507,0.263,0.243,0.088,0.236,0.313,0.489,4.934
2025-08-21,H002,monsoon,no,17.98,0.0,0.567,0.299,0.245,0.134,0.191,0.168,0.419,4.312
2025-08-22,H005,monsoon,no,13.95,0.0,0.53,0.424,0.1,0.177,0.177,0.317,0.456,4.362
2025-08-23,H002,monsoon,no,18.53,0.0,0.651,0.387,0.319,0.194,0.255,0.399,0.306,5.687
2025-08-24,H003,monsoon,no,16.34,0.0,0.631,0.289,0.1,0.009,0.161,0.248,0.298,4.223
2025-08-25,H002,monsoon,no,20.05,0.0,0.588,0.215,0.31,0.162,0.258,0.37,0.445,4.268
2025-08-26,H002,monsoon,no,16.24,0.0,0.573,0.394,0.111,0.182,0.287,0.177,0.324,5.142
2025-08-27,H001,monsoon,no,16.23,0.0,0.545,0.297,0.131,0.224,0.141,0.248,0.289,4.659
2025-08-28,H005,monsoon,no,18.58,0.0,0.474,0.179,0.302,0.31,0.151,0.199,0.259,5.008
2025-08-29,H004,monsoon,no,19.03,0.0,0.537,0.35,0.329,0.195,0.162,0.36,0.299,5.09
2025-08-30,H001,monsoon,no,18.4,0.0,0.556,0.372,0.338,0.107,0.097,0.381,0.438,5.402
2025-08-31,H004,monsoon,no,14.13,0.0,0.564,0.13,0.1,0.035,0.167,0.242,0.199,4.287
2025-09-01,H004,monsoon,no,15.28,0.0,0.578,0.242,0.1,0.235,0.291,0.344,0.413,4.68
2025-09-02,H002,monsoon,no,12.14,0.0,0.605,0.292,0.1,0.11,0.127,0.382,0.279,4.567
2025-09-03,H004,monsoon,no,14.68,0.0,0.508,0.351,0.1,0.249,0.293,0.247,0.329,4.374
2025-09-04,H005,monsoon,no,11.36,0.0,0.509,0.264,0.1,0.292,0.17,0.26,0.335,4.036
2025-09-05,H004,monsoon,no,15.1,0.0,0.637,0.242,0.1,0.056,0.348,0.309,0.328,4.385
2025-09-06,H004,monsoon,no,12.59,0.0,0.596,0.351,0.1,0.224,0.152,0.183,0.321,5.175
2025-09-07,H003,monsoon,no,11.64,0.0,0.527,0.267,0.1,0.283,0.19,0.259,0.306,4.336
2025-09-08,H002,monsoon,no,15.63,0.0,0.544,0.338,0.1,0.262,0.136,0.421,0.293,4.227
2025-09-09,H001,monsoon,no,14.69,0.0,0.544,0.222,0.1,0.012,0.152,0.21,0.482,4.275
2025-09-10,H005,monsoon,no,12.98,0.0,0.552,0.205,0.133,0.112,0.294,0.318,0.353,4.296
2025-09-11,H005,monsoon,no,17.11,0.0,0.578,0.353,0.198,0.078,0.233,0.292,0.337,4.711
2025-09-12,H002,monsoon,no,13.32,0.0,0.702,0.318,0.1,0.222,0.272,0.237,0.286,5.007
2025-09-13,H005,monsoon,no,14.27,0.0,0.561,0.365,0.1,0.213,0.108,0.268,0.309,4.901
2025-09-14,H001,monsoon,no,14.74,0.0,0.59,0.263,0.167,0.0,0.246,0.39,0.286,4.551
2025-09-15,H002,monsoon,no,12.97,0.0,0.449,0.244,0.1,0.156,0.132,0.294,0.427,4.666
2025-09-16,H001,monsoon,no,15.15,0.0,0.521,0.395,0.1,0.244,0.106,0.307,0.275,4.696
2025-09-17,H002,monsoon,no,13.14,0.0,0.624,0.193,0.146,0.192,0.217,0.378,0.125,4.43
2025-09-18,H002,monsoon,no,13.38,0.0,0.574,0.388,0.103,0.192,0.216,0.227,0.356,4.512
2025-09-19,H003,monsoon,no,16.93,0.0,0.35,0.392,0.155,0.151,0.204,0.166,0.322,4.231
2025-09-20,H003,monsoon,no,12.12,0.0,0.59,0.36,0.1,0.095,0.25,0.391,0.291,4.837
2025-09-21,H001,monsoon,no,9.38,0.0,0.665,0.252,0.1,0.179,0.261,0.261,0.441,4.437
2025-09-22,H001,monsoon,no,17.43,0.0,0.43,0.243,0.225,0.184,0.303,0.321,0.077,4.539
2025-09-23,H005,monsoon,no,19.3,0.0,0.641,0.285,0.146,0.229,0.117,0.189,0.508,4.816
2025-09-24,H003,monsoon,no,13.4,0.0,0.384,0.209,0.1,0.236,0.305,0.281,0.455,3.617
2025-09-25,H005,monsoon,no,10.33,0.0,0.606,0.233,0.153,0.187,0.332,0.162,0.287,4.597
2025-09-26,H001,monsoon,no,13.58,0.0,0.549,0.345,0.1,0.268,0.174,0.255,0.305,5.1
2025-09-27,H002,monsoon,no,13.63,0.0,0.409,0.345,0.1,0.15,0.083,0.198,0.4,3.995
2025-09-28,H001,monsoon,no,13.83,0.0,0.577,0.227,0.1,0.064,0.103,0.18,0.403,4.33
2025-09-29,H005,monsoon,no,11.98,0.0,0.619,0.347,0.111,0.218,0.168,0.226,0.287,4.388
2025-09-30,H001,monsoon,no,15.36,0.0,0.572,0.332,0.172,0.19,0.341,0.067,0.188,4.86
2025-10-01,H005,post_monsoon,yes,14.05,0.0,0.585,0.406,0.165,0.22,0.201,0.157,0.561,5.393
2025-10-02,H001,post_monsoon,yes,10.01,0.0,0.525,0.34,0.1,0.079,0.157,0.313,0.446,4.332
2025-10-03,H004,post_monsoon,yes,14.4,0.0,0.438,0.374,0.166,0.323,0.152,0.278,0.366,4.968
2025-10-04,H003,post_monsoon,yes,17.11,0.0,0.592,0.333,0.106,0.237,0.107,0.164,0.368,5.743
2025-10-05,H005,post_monsoon,yes,13.34,0.0,0.655,0.369,0.1,0.157,0.261,0.294,0.412,5.144
2025-10-06,H001,post_monsoon,yes,12.33,0.0,0.618,0.21,0.1,0.105,0.194,0.18,0.424,4.473
2025-10-07,H002,post_monsoon,yes,12.72,0.0,0.431,0.291,0.109,0.266,0.347,0.308,0.141,4.833
2025-10-08,H004,post_monsoon,yes,14.23,0.0,0.459,0.297,0.1,0.092,0.244,0.241,0.315,4.178
2025-10-09,H005,post_monsoon,yes,9.54,0.0,0.499,0.283,0.1,0.361,0.258,0.224,0.305,5.403
2025-10-10,H003,post_monsoon,yes,13.33,0.0,0.454,0.331,0.1,0.131,0.183,0.243,0.334,4.26
2025-10-11,H001,post_monsoon,yes,12.22,0.0,0.553,0.344,0.1,0.318,0.124,0.455,0.427,5.033
2025-10-12,H004,post_monsoon,yes,16.7,0.0,0.574,0.327,0.1,0.165,0.139,0.189,0.171,4.495
2025-10-13,H003,post_monsoon,yes,12.65,0.0,0.464,0.288,0.1,0.306,0.104,0.268,0.215,4.69
2025-10-14,H004,post_monsoon,yes,16.34,0.0,0.597,0.248,0.113,0.121,0.264,0.313,0.282,4.393
2025-10-15,H003,post_monsoon,yes,10.79,0.0,0.586,0.377,0.1,0.182,0.173,0.173,0.365,4.739
2025-10-16,H005,post_monsoon,yes,14.17,0.0,0.517,0.324,0.123,0.244,0.267,0.122,0.433,4.903
2025-10-17,H001,post_monsoon,yes,13.64,0.0,0.54,0.229,0.147,0.233,0.21,0.202,0.513,4.35
2025-10-18,H004,post_monsoon,yes,11.26,0.0,0.433,0.286,0.1,0.268,0.18,0.311,0.321,4.779
2025-10-19,H004,post_monsoon,yes,13.35,0.0,0.53,0.178,0.178,0.141,0.118,0.223,0.433,4.927
2025-10-20,H003,post_monsoon,yes,15.43,0.0,0.55,0.302,0.147,0.187,0.221,0.232,0.421,5.016
2025-10-21,H003,post_monsoon,yes,12.35,0.0,0.56,0.286,0.1,0.28,0.185,0.323,0.404,4.726
2025-10-22,H004,post_monsoon,yes,9.62,0.0,0.573,0.26,0.1,0.124,0.263,0.185,0.348,4.568
2025-10-23,H003,post_monsoon,yes,12.96,0.0,0.565,0.411,0.1,0.226,0.15,0.243,0.31,4.627
2025-10-24,H002,post_monsoon,yes,11.2,0.0,0.534,0.219,0.1,0.162,0.243,0.129,0.243,4.516
2025-10-25,H003,post_monsoon,yes,12.32,0.0,0.567,0.349,0.1,0.196,0.315,0.276,0.237,5.327
2025-10-26,H005,post_monsoon,yes,12.84,0.0,0.61,0.453,0.1,0.187,0.219,0.268,0.385,5.192
2025-10-27,H001,post_monsoon,yes,9.59,0.0,0.544,0.375,0.1,0.117,0.255,0.314,0.345,4.943
2025-10-28,H005,post_monsoon,yes,9.77,0.0,0.569,0.298,0.1,0.159,0.24,0.158,0.308,4.35
2025-10-29,H002,post_monsoon,yes,13.96,0.0,0.539,0.221,0.1,0.192,0.333,0.235,0.416,4.909
2025-10-30,H001,post_monsoon,yes,11.95,0.0,0.511,0.205,0.115,0.172,0.226,0.148,0.33,4.506
2025-10-31,H001,post_monsoon,yes,7.87,0.0,0.581,0.271,0.1,0.306,0.249,0.23,0.259,5.585
2025-11-01,H001,post_monsoon,yes,15.78,0.0,0.517,0.252,0.1,0.261,0.197,0.369,0.323,5.029
2025-11-02,H005,post_monsoon,yes,14.75,0.0,0.573,0.25,0.1,0.203,0.146,0.224,0.432,4.918
2025-11-03,H002,post_monsoon,yes,12.78,0.0,0.552,0.277,0.1,0.119,0.115,0.141,0.248,3.929
2025-11-04,H004,post_monsoon,yes,11.57,0.0,0.532,0.293,0.1,0.114,0.289,0.196,0.371,4.192
2025-11-05,H001,post_monsoon,yes,15.88,0.0,0.53,0.334,0.105,0.338,0.129,0.121,0.344,4.428
2025-11-06,H003,post_monsoon,yes,14.9,0.0,0.52,0.213,0.1,0.099,0.252,0.146,0.274,4.448
2025-11-07,H003,post_monsoon,yes,18.97,0.0,0.451,0.252,0.257,0.189,0.229,0.304,0.321,4.996
2025-11-08,H004,post_monsoon,yes,15.05,0.0,0.573,0.289,0.127,0.209,0.264,0.134,0.193,4.922
2025-11-09,H005,post_monsoon,yes,14.98,0.0,0.564,0.286,0.166,0.155,0.164,0.275,0.361,4.931
2025-11-10,H004,post_monsoon,yes,13.87,0.0,0.601,0.429,0.1,0.1,0.145,0.252,0.214,4.355
2025-11-11,H004,post_monsoon,yes,15.84,0.0,0.518,0.316,0.1,0.117,0.226,0.207,0.457,4.275
2025-11-12,H002,post_monsoon,yes,15.46,0.0,0.664,0.187,0.267,0.136,0.18,0.268,0.341,4.594
2025-11-13,H001,post_monsoon,yes,16.71,0.0,0.527,0.329,0.159,0.123,0.114,0.175,0.293,3.899
2025-11-14,H001,post_monsoon,yes,13.16,0.0,0.497,0.338,0.1,0.286,0.336,0.317,0.466,5.61
2025-11-15,H002,post_monsoon,yes,13.33,0.0,0.49,0.291,0.1,0.179,0.145,0.194,0.247,5.283
2025-11-16,H003,post_monsoon,yes,13.25,0.0,0.446,0.215,0.1,0.138,0.13,0.219,0.275,3.813
2025-11-17,H001,post_monsoon,yes,15.79,0.0,0.642,0.423,0.1,0.189,0.183,0.21,0.167,4.736
2025-11-18,H002,post_monsoon,yes,17.2,0.0,0.632,0.225,0.141,0.233,0.288,0.305,0.481,5.195
2025-11-19,H004,post_monsoon,yes,13.29,0.0,0.586,0.346,0.1,0.152,0.048,0.294,0.537,4.835
2025-11-20,H005,post_monsoon,yes,13.36,0.0,0.496,0.314,0.1,0.252,0.282,0.04,0.183,4.087
2025-11-21,H005,post_monsoon,yes,14.83,0.0,0.659,0.342,0.183,0.078,0.136,0.27,0.268,5.007
2025-11-22,H002,post_monsoon,yes,13.71,0.0,0.529,0.419,0.1,0.274,0.219,0.11,0.357,5.181
2025-11-23,H001,post_monsoon,yes,16.11,0.0,0.534,0.339,0.192,0.179,0.153,0.223,0.298,5.326
2025-11-24,H003,post_monsoon,yes,9.7,0.0,0.636,0.261,0.1,0.176,0.339,0.241,0.347,4.589
2025-11-25,H005,post_monsoon,yes,12.55,0.0,0.59,0.377,0.1,0.125,0.209,0.222,0.338,4.163
2025-11-26,H003,post_monsoon,yes,12.64,0.0,0.682,0.256,0.1,0.082,0.15,0.29,0.391,4.811
2025-11-27,H005,post_monsoon,yes,9.57,0.0,0.565,0.311,0.1,0.047,0.179,0.308,0.254,4.105
2025-11-28,H004,post_monsoon,yes,12.28,0.0,0.526,0.209,0.1,0.119,0.206,0.188,0.369,4.719
2025-11-29,H005,post_monsoon,yes,12.38,0.0,0.513,0.228,0.1,0.227,0.212,0.185,0.238,3.982
2025-11-30,H005,post_monsoon,yes,13.8,0.0,0.439,0.304,0.189,0.103,0.231,0.247,0.309,4.669
2025-12-01,H001,winter,no,19.73,0.0,0.533,0.326,0.228,0.056,0.2,0.327,0.176,4.094
2025-12-02,H003,winter,no,17.01,0.0,0.619,0.181,0.1,0.107,0.104,0.412,0.31,4.209
2025-12-03,H001,winter,no,15.44,0.0,0.586,0.335,0.1,0.149,0.176,0.558,0.293,4.891
2025-12-04,H001,winter,no,17.39,0.0,0.551,0.243,0.265,0.152,0.242,0.329,0.444,4.883
2025-12-05,H003,winter,no,19.6,0.0,0.49,0.39,0.364,0.17,0.153,0.423,0.344,5.127
2025-12-06,H004,winter,no,15.55,0.0,0.564,0.275,0.1,0.263,0.247,0.403,0.362,5.4
2025-12-07,H005,winter,no,15.68,0.0,0.611,0.221,0.1,0.28,0.202,0.61,0.348,5.345
2025-12-08,H001,winter,no,18.62,0.0,0.576,0.305,0.181,0.34,0.185,0.407,0.137,5.485
2025-12-09,H001,winter,no,17.06,0.0,0.56,0.236,0.216,0.05,0.284,0.412,0.15,4.91
2025-12-10,H001,winter,no,18.79,0.0,0.502,0.389,0.236,0.112,0.078,0.368,0.318,4.375
2025-12-11,H005,winter,no,17.47,0.0,0.602,0.3,0.203,0.236,0.153,0.451,0.378,4.876
2025-12-12,H004,winter,no,18.9,0.0,0.362,0.289,0.204,0.144,0.286,0.472,0.327,4.496
2025-12-13,H003,winter,no,15.43,0.0,0.573,0.341,0.188,0.249,0.328,0.379,0.264,5.398
2025-12-14,H001,winter,no,17.48,0.0,0.704,0.23,0.216,0.197,0.36,0.529,0.326,5.265
2025-12-15,H002,winter,no,17.08,0.0,0.459,0.21,0.22,0.306,0.204,0.472,0.317,4.514
2025-12-16,H001,winter,no,15.07,0.0,0.536,0.329,0.105,0.263,0.232,0.518,0.428,4.278
2025-12-17,H001,winter,no,14.37,0.0,0.55,0.223,0.107,0.265,0.257,0.424,0.422,4.686
2025-12-18,H003,winter,no,18.87,0.0,0.522,0.223,0.282,0.147,0.289,0.469,0.295,5.187
2025-12-19,H003,winter,no,16.8,0.0,0.612,0.359,0.1,0.172,0.222,0.433,0.345,4.759
2025-12-20,H003,winter,no,15.46,0.0,0.578,0.337,0.138,0.156,0.265,0.567,0.378,5.367
2025-12-21,H005,winter,no,17.31,0.0,0.559,0.212,0.246,0.06,0.232,0.459,0.392,5.146
2025-12-22,H005,winter,no,19.76,0.0,0.598,0.257,0.373,0.298,0.237,0.451,0.515,5.048
2025-12-23,H001,winter,no,12.94,0.0,0.551,0.237,0.1,0.24,0.136,0.413,0.347,4.571
2025-12-24,H002,winter,no,14.51,0.0,0.741,0.424,0.1,0.152,0.177,0.409,0.467,5.367
2025-12-25,H003,winter,no,15.65,0.0,0.559,0.363,0.1,0.284,0.163,0.469,0.234,4.886
2025-12-26,H003,winter,no,20.42,0.0,0.562,0.271,0.272,0.13,0.117,0.516,0.286,5.078
2025-12-27,H003,winter,no,18.07,0.0,0.447,0.34,0.228,0.033,0.084,0.395,0.136,4.898
2025-12-28,H004,winter,no,19.03,0.0,0.517,0.205,0.242,0.261,0.17,0.46,0.365,5.395
2025-12-29,H001,winter,no,15.22,0.0,0.619,0.253,0.1,0.078,0.182,0.465,0.415,4.392
2025-12-30,H005,winter,no,15.26,0.0,0.47,0.307,0.1,0.164,0.207,0.479,0.094,4.24
2025-12-31,H002,winter,no,18.4,0.0,0.421,0.332,0.1,0.196,0.239,0.313,0.369,5.108
2026-01-01,H002,winter,no,22.12,0.0,0.552,0.293,0.125,0.211,0.213,0.376,0.41,4.826
2026-01-02,H002,winter,no,23.1,0.0,0.632,0.317,0.403,0.248,0.182,0.341,0.405,5.2
2026-01-03,H004,winter,no,21.62,0.0,0.553,0.305,0.541,0.226,0.136,0.453,0.23,5.142
2026-01-04,H004,winter,no,22.56,0.0,0.53,0.289,0.536,0.224,0.261,0.378,0.427,5.589
2026-01-05,H004,winter,no,22.32,0.0,0.438,0.279,0.304,0.117,0.193,0.41,0.351,4.854
2026-01-06,H003,winter,no,23.56,0.0,0.577,0.27,0.444,0.204,0.17,0.354,0.409,5.015
2026-01-07,H002,winter,no,23.61,0.0,0.59,0.316,0.317,0.06,0.187,0.418,0.337,4.585
2026-01-08,H004,winter,no,18.76,0.0,0.443,0.329,0.135,0.305,0.149,0.36,0.388,4.533
2026-01-09,H001,winter,no,17.51,0.0,0.618,0.314,0.1,0.068,0.163,0.511,0.461,5.203
2026-01-10,H002,winter,no,24.0,0.0,0.596,0.217,0.432,0.152,0.161,0.488,0.33,5.584
2026-01-11,H004,winter,no,24.38,0.0,0.618,0.23,0.45,0.074,0.18,0.462,0.378,5.525
2026-01-12,H004,winter,no,19.96,0.0,0.585,0.328,0.309,0.122,0.246,0.426,0.475,5.225
2026-01-13,H002,winter,no,18.28,0.0,0.589,0.403,0.274,0.181,0.228,0.287,0.337,4.419
2026-01-14,H002,winter,no,22.2,0.0,0.581,0.311,0.351,0.138,0.308,0.413,0.237,5.034
2026-01-15,H002,winter,no,23.86,0.0,0.602,0.271,0.447,0.272,0.285,0.389,0.418,5.715
2026-01-16,H005,winter,no,25.6,0.007,0.441,0.316,0.426,0.198,0.337,0.47,0.493,5.255
2026-01-17,H003,winter,no,23.03,0.0,0.46,0.22,0.304,0.143,0.239,0.5,0.479,5.612
2026-01-18,H001,winter,no,21.26,0.0,0.506,0.392,0.22,0.169,0.238,0.476,0.421,5.552
2026-01-19,H001,winter,no,20.21,0.0,0.542,0.313,0.35,0.278,0.166,0.551,0.116,5.289
2026-01-20,H001,winter,no,22.02,0.0,0.573,0.253,0.344,0.253,0.258,0.405,0.286,5.011
2026-01-21,H002,winter,no,21.4,0.0,0.569,0.288,0.196,0.089,0.154,0.401,0.292,4.806
2026-01-22,H002,winter,no,19.97,0.0,0.617,0.263,0.284,0.126,0.097,0.533,0.354,4.366
2026-01-23,H003,winter,no,26.1,0.214,0.619,0.392,0.434,0.218,0.307,0.463,0.519,6.728
2026-01-24,H004,winter,no,25.57,0.042,0.498,0.286,0.646,0.208,0.113,0.43,0.242,5.858
2026-01-25,H005,winter,no,24.27,0.0,0.564,0.311,0.415,0.096,0.231,0.598,0.574,5.909
2026-01-26,H003,winter,no,20.16,0.0,0.499,0.34,0.351,0.24,0.138,0.496,0.312,5.386
2026-01-27,H004,winter,no,23.71,0.0,0.539,0.248,0.526,0.109,0.279,0.435,0.273,4.961
2026-01-28,H004,winter,no,23.28,0.0,0.569,0.314,0.345,0.284,0.288,0.395,0.435,5.078
2026-01-29,H002,winter,no,22.89,0.0,0.35,0.319,0.411,0.222,0.237,0.556,0.442,4.599
2026-01-30,H004,winter,no,24.5,0.0,0.695,0.191,0.514,0.089,0.287,0.467,0.415,5.22
2026-01-31,H002,winter,no,23.27,0.0,0.584,0.318,0.43,0.138,0.201,0.452,0.273,5.54
2026-02-01,H002,winter,no,27.98,0.399,0.514,0.297,0.638,0.136,0.356,0.504,0.4,8.147
2026-02-02,H005,winter,no,27.77,0.476,0.666,0.309,0.495,0.193,0.252,0.52,0.247,7.287
2026-02-03,H005,winter,no,27.18,0.233,0.529,0.302,0.622,0.164,0.137,0.494,0.27,6.75
2026-02-04,H004,winter,no,22.93,0.0,0.558,0.318,0.368,0.088,0.205,0.521,0.341,4.667
2026-02-05,H003,winter,no,26.67,0.0,0.521,0.394,0.585,0.068,0.189,0.486,0.268,5.089
2026-02-06,H004,winter,no,25.39,0.045,0.649,0.217,0.579,0.224,0.182,0.494,0.455,5.535
2026-02-07,H004,winter,no,23.94,0.0,0.544,0.276,0.501,0.203,0.084,0.391,0.292,5.372
2026-02-08,H001,winter,no,29.86,0.542,0.559,0.347,0.712,0.188,0.227,0.595,0.328,8.815
2026-02-09,H002,winter,no,29.96,0.706,0.622,0.334,0.74,0.202,0.103,0.351,0.262,9.027
2026-02-10,H001,winter,no,29.22,0.501,0.585,0.332,0.714,0.13,0.023,0.475,0.454,8.51
2026-02-11,H003,winter,no,27.01,0.237,0.547,0.493,0.69,0.195,0.176,0.343,0.283,6.687
2026-02-12,H002,winter,no,29.2,0.495,0.617,0.343,0.655,0.383,0.147,0.442,0.464,8.079
2026-02-13,H002,winter,no,26.52,0.037,0.702,0.379,0.564,0.274,0.14,0.404,0.457,5.969
2026-02-14,H005,winter,no,26.91,0.148,0.569,0.279,0.641,0.157,0.0,0.461,0.305,6.8
2026-02-15,H002,winter,no,24.31,0.0,0.557,0.23,0.423,0.138,0.14,0.477,0.353,5.496
2026-02-16,H005,winter,no,27.29,0.118,0.56,0.278,0.475,0.0,0.188,0.373,0.303,5.613
2026-02-17,H003,winter,no,26.62,0.141,0.629,0.35,0.594,0.265,0.156,0.448,0.405,5.698
2026-02-18,H001,winter,no,23.89,0.0,0.514,0.328,0.429,0.243,0.227,0.561,0.331,5.466
2026-02-19,H001,winter,no,26.4,0.314,0.533,0.328,0.449,0.136,0.297,0.345,0.308,6.445
2026-02-20,H004,winter,no,26.34,0.229,0.458,0.285,0.584,0.065,0.236,0.382,0.355,5.818
2026-02-21,H005,winter,no,30.1,0.592,0.479,0.274,0.808,0.088,0.272,0.519,0.192,8.616
2026-02-22,H005,winter,no,28.29,0.515,0.519,0.287,0.491,0.216,0.278,0.456,0.342,8.207
2026-02-23,H001,winter,no,26.52,0.131,0.547,0.351,0.633,0.173,0.129,0.462,0.415,5.797
2026-02-24,H005,winter,no,27.0,0.33,0.656,0.359,0.367,0.235,0.231,0.532,0.364,7.174
2026-02-25,H002,winter,no,26.59,0.09,0.582,0.23,0.522,0.187,0.27,0.386,0.445,5.634
2026-02-26,H003,winter,no,26.09,0.223,0.495,0.353,0.681,0.257,0.169,0.408,0.312,6.697
2026-02-27,H001,winter,no,24.34,0.0,0.506,0.254,0.437,0.21,0.145,0.399,0.304,4.911
2026-02-28,H002,winter,no,26.2,0.067,0.632,0.333,0.545,0.246,0.237,0.422,0.238,6.162
2026-03-01,H002,summer,no,28.3,0.395,0.618,0.287,0.683,0.013,0.096,0.357,0.309,7.586
2026-03-02,H005,summer,no,27.29,0.309,0.552,0.41,0.444,0.081,0.124,0.114,0.547,6.42
2026-03-03,H002,summer,no,30.82,0.688,0.523,0.271,0.728,0.151,0.153,0.154,0.378,8.292
2026-03-04,H002,summer,no,30.58,0.741,0.617,0.313,0.718,0.266,0.232,0.141,0.291,8.138
2026-03-05,H002,summer,no,26.22,0.106,0.49,0.342,0.688,0.33,0.215,0.362,0.249,6.063
2026-03-06,H002,summer,no,29.55,0.618,0.574,0.239,0.573,0.167,0.272,0.201,0.19,7.52
2026-03-07,H003,summer,no,31.79,0.884,0.686,0.295,0.731,0.131,0.135,0.224,0.267,9.78
2026-03-08,H002,summer,no,31.91,0.859,0.562,0.281,0.692,0.024,0.132,0.121,0.426,9.445
2026-03-09,H002,summer,no,31.85,0.82,0.503,0.264,0.681,0.249,0.237,0.229,0.307,9.614
2026-03-10,H003,summer,no,29.87,0.621,0.575,0.269,0.775,0.136,0.144,0.319,0.254,8.82
2026-03-11,H004,summer,no,28.1,0.432,0.522,0.378,0.616,0.417,0.158,0.27,0.265,7.114
2026-03-12,H001,summer,no,27.63,0.493,0.466,0.258,0.551,0.121,0.07,0.241,0.415,6.587
2026-03-13,H002,summer,no,30.48,0.761,0.592,0.34,0.668,0.348,0.22,0.125,0.342,9.143
2026-03-14,H003,summer,no,30.55,0.772,0.617,0.322,0.667,0.24,0.308,0.224,0.287,9.581
2026-03-15,H005,summer,no,32.37,1.168,0.531,0.202,0.747,0.098,0.128,0.262,0.319,10.582
2026-03-16,H005,summer,no,31.99,0.916,0.527,0.336,0.669,0.199,0.272,0.171,0.571,9.86
2026-03-17,H005,summer,no,29.53,0.605,0.492,0.201,0.65,0.242,0.196,0.302,0.472,8.375
2026-03-18,H003,summer,no,27.31,0.345,0.541,0.344,0.553,0.162,0.076,0.321,0.497,6.335
2026-03-19,H001,summer,no,29.16,0.439,0.516,0.264,0.596,0.247,0.137,0.208,0.175,6.52
2026-03-20,H005,summer,no,30.23,0.618,0.489,0.301,0.712,0.245,0.133,0.308,0.335,7.986
2026-03-21,H004,summer,no,29.39,0.508,0.664,0.209,0.685,0.228,0.178,0.241,0.286,7.911
2026-03-22,H005,summer,no,28.64,0.507,0.578,0.309,0.591,0.179,0.229,0.342,0.404,8.368
2026-03-23,H005,summer,no,30.3,0.649,0.584,0.365,0.69,0.086,0.329,0.413,0.456,8.709
2026-03-24,H004,summer,no,28.79,0.484,0.603,0.244,0.814,0.174,0.1,0.163,0.383,7.459
2026-03-25,H003,summer,no,28.54,0.529,0.596,0.257,0.801,0.194,0.166,0.312,0.263,8.653
2026-03-26,H004,summer,no,30.42,0.746,0.525,0.332,0.622,0.03,0.137,0.354,0.284,8.213
2026-03-27,H004,summer,no,28.99,0.486,0.566,0.334,0.576,0.194,0.111,0.172,0.412,7.071
2026-03-28,H005,summer,no,30.28,0.607,0.534,0.13,0.617,0.172,0.207,0.204,0.422,8.414
2026-03-29,H002,summer,no,30.34,0.758,0.576,0.441,0.788,0.076,0.2,0.203,0.364,9.684
2026-03-30,H003,summer,no,27.52,0.376,0.571,0.337,0.559,0.153,0.073,0.239,0.363,6.834
2026-03-31,H003,summer,no,28.83,0.35,0.527,0.349,0.662,0.155,0.201,0.221,0.355,7.395
2026-04-01,H002,summer,no,33.88,1.084,0.47,0.29,1.005,0.334,0.116,0.234,0.377,11.004
2026-04-02,H003,summer,no,28.68,0.473,0.559,0.17,0.636,0.198,0.201,0.317,0.422,6.764
2026-04-03,H005,summer,no,26.77,0.283,0.538,0.347,0.617,0.263,0.289,0.098,0.413,6.546
2026-04-04,H001,summer,no,27.28,0.357,0.437,0.26,0.623,0.171,0.232,0.172,0.352,6.666
2026-04-05,H003,summer,no,31.06,0.78,0.58,0.338,0.685,0.03,0.212,0.304,0.345,9.781
2026-04-06,H004,summer,no,31.06,0.805,0.608,0.285,0.817,0.234,0.163,0.294,0.341,9.75
2026-04-07,H005,summer,no,30.76,0.726,0.702,0.317,0.653,0.127,0.205,0.165,0.272,8.06
2026-04-08,H002,summer,no,33.43,1.0,0.527,0.246,0.934,0.153,0.239,0.295,0.271,10.761
2026-04-09,H002,summer,no,25.65,0.061,0.518,0.361,0.469,0.096,0.232,0.356,0.404,5.617
2026-04-10,H001,summer,no,31.79,0.851,0.483,0.217,0.723,0.186,0.193,0.246,0.279,9.014
2026-04-11,H002,summer,no,34.12,1.138,0.563,0.457,0.768,0.265,0.215,0.169,0.431,11.481
2026-04-12,H005,summer,no,28.74,0.317,0.562,0.457,0.566,0.255,0.108,0.32,0.345,7.646
2026-04-13,H004,summer,no,30.24,0.623,0.501,0.414,0.665,0.307,0.149,0.388,0.432,7.954
2026-04-14,H003,summer,no,29.49,0.566,0.54,0.389,0.475,0.318,0.25,0.179,0.414,8.114
2026-04-15,H004,summer,no,29.21,0.504,0.431,0.294,0.64,0.016,0.259,0.253,0.434,7.702
2026-04-16,H005,summer,no,30.35,0.649,0.606,0.382,0.663,0.085,0.207,0.337,0.302,8.39
2026-04-17,H003,summer,no,33.85,1.146,0.504,0.293,0.907,0.035,0.304,0.259,0.391,11.216
2026-04-18,H002,summer,no,34.67,1.123,0.548,0.191,0.911,0.231,0.236,0.11,0.424,11.211
2026-04-19,H005,summer,no,30.33,0.536,0.464,0.405,0.647,0.125,0.184,0.285,0.195,7.598
2026-04-20,H005,summer,no,34.81,1.198,0.515,0.379,0.846,0.141,0.115,0.172,0.52,10.923
2026-04-21,H003,summer,no,31.07,0.82,0.533,0.298,0.714,0.163,0.301,0.148,0.577,9.615
2026-04-22,H001,summer,no,34.51,1.323,0.549,0.214,0.989,0.211,0.254,0.112,0.445,11.743
2026-04-23,H001,summer,no,30.81,0.789,0.579,0.259,0.657,0.061,0.326,0.345,0.431,8.663
2026-04-24,H001,summer,no,31.26,0.665,0.636,0.173,0.683,0.079,0.352,0.183,0.409,8.423
2026-04-25,H004,summer,no,31.73,0.823,0.594,0.366,0.669,0.18,0.11,0.277,0.318,9.379
2026-04-26,H001,summer,no,37.36,1.565,0.608,0.188,0.866,0.276,0.11,0.296,0.339,13.094
2026-04-27,H001,summer,no,32.7,0.977,0.637,0.32,0.823,0.178,0.0,0.263,0.446,10.167
2026-04-28,H004,summer,no,29.59,0.616,0.584,0.241,0.69,0.117,0.264,0.274,0.253,8.346
2026-04-29,H003,summer,no,32.94,0.919,0.548,0.2,0.91,0.008,0.246,0.28,0.244,9.597
2026-04-30,H003,summer,no,30.28,0.665,0.611,0.317,0.784,0.256,0.207,0.261,0.31,8.343
2026-05-01,H001,summer,no,28.81,0.51,0.614,0.277,0.834,0.121,0.114,0.189,0.416,7.831
2026-05-02,H002,summer,no,31.61,0.892,0.589,0.359,0.749,0.088,0.194,0.182,0.263,10.126
2026-05-03,H002,summer,no,29.86,0.543,0.463,0.211,0.663,0.043,0.213,0.242,0.327,8.473
2026-05-04,H004,summer,no,30.35,0.641,0.5,0.247,0.6,0.065,0.255,0.24,0.339,8.448
2026-05-05,H005,summer,no,29.82,0.386,0.534,0.133,0.739,0.103,0.219,0.284,0.249,6.389
2026-05-06,H005,summer,no,30.47,0.634,0.597,0.147,0.718,0.161,0.246,0.338,0.106,8.403
2026-05-07,H001,summer,no,30.64,0.664,0.549,0.426,0.768,0.083,0.191,0.278,0.247,8.521
2026-05-08,H004,summer,no,25.92,0.033,0.618,0.446,0.436,0.195,0.283,0.185,0.376,4.847
2026-05-09,H004,summer,no,31.13,0.779,0.629,0.306,0.763,0.16,0.244,0.076,0.399,9.445
2026-05-10,H001,summer,no,27.83,0.349,0.622,0.242,0.62,0.358,0.117,0.188,0.399,7.91
2026-05-11,H004,summer,no,26.91,0.058,0.622,0.279,0.578,0.044,0.297,0.142,0.411,5.56
2026-05-12,H003,summer,no,29.68,0.602,0.488,0.361,0.622,0.193,0.286,0.192,0.287,7.621
2026-05-13,H001,summer,no,29.96,0.546,0.579,0.264,0.784,0.194,0.233,0.269,0.266,7.939
2026-05-14,H004,summer,no,28.41,0.465,0.514,0.317,0.79,0.098,0.22,0.257,0.388,7.633
2026-05-15,H005,summer,no,31.46,0.704,0.451,0.299,0.659,0.188,0.316,0.399,0.329,8.192
2026-05-16,H003,summer,no,27.11,0.266,0.533,0.26,0.632,0.242,0.086,0.289,0.441,6.139
2026-05-17,H002,summer,no,28.98,0.475,0.629,0.263,0.419,0.188,0.287,0.403,0.388,7.988
2026-05-18,H003,summer,no,28.62,0.477,0.578,0.321,0.688,0.291,0.167,0.307,0.478,7.921
2026-05-19,H003,summer,no,29.7,0.598,0.671,0.232,0.528,0.006,0.277,0.337,0.303,7.255
2026-05-20,H005,summer,no,30.35,0.649,0.561,0.332,0.662,0.113,0.208,0.221,0.457,8.463
2026-05-21,H004,summer,no,27.78,0.224,0.697,0.267,0.496,0.298,0.113,0.164,0.553,6.65
2026-05-22,H004,summer,no,31.24,0.662,0.561,0.309,0.722,0.253,0.165,0.214,0.355,8.399
2026-05-23,H004,summer,no,29.92,0.568,0.551,0.397,0.754,0.223,0.272,0.249,0.4,8.682
2026-05-24,H004,summer,no,26.01,0.126,0.473,0.288,0.382,0.279,0.185,0.2,0.257,5.738
2026-05-25,H002,summer,no,25.88,0.061,0.617,0.364,0.496,0.027,0.156,0.17,0.439,5.176
2026-05-26,H001,summer,no,29.77,0.646,0.52,0.175,0.64,0.244,0.156,0.283,0.463,7.699
2026-05-27,H005,summer,no,29.35,0.522,0.511,0.267,0.791,0.265,0.245,0.17,0.301,7.419
2026-05-28,H003,summer,no,29.59,0.496,0.627,0.302,0.708,0.127,0.323,0.127,0.409,7.504
2026-05-29,H005,summer,no,29.74,0.57,0.619,0.435,0.585,0.39,0.05,0.16,0.378,7.76
2026-05-30,H004,summer,no,30.25,0.674,0.618,0.163,0.662,0.196,0.396,0.231,0.389,9.494
2026-05-31,H003,summer,no,31.69,0.862,0.528,0.293,0.882,0.005,0.214,0.171,0.431,9.902
2026-06-01,H004,summer,no,24.28,0.06,0.547,0.402,0.518,0.211,0.241,0.232,0.402,5.02
2026-06-02,H004,summer,no,24.16,0.0,0.546,0.245,0.383,0.122,0.169,0.298,0.336,4.522
2026-06-03,H005,summer,no,24.31,0.0,0.597,0.285,0.441,0.273,0.2,0.296,0.433,5.514
2026-06-04,H002,summer,no,27.08,0.294,0.643,0.323,0.554,0.224,0.213,0.197,0.461,6.426
2026-06-05,H002,summer,no,28.99,0.497,0.572,0.313,0.607,0.132,0.127,0.146,0.295,7.448
2026-06-06,H002,summer,no,25.64,0.04,0.668,0.41,0.379,0.3,0.144,0.204,0.35,6.055
2026-06-07,H001,summer,no,21.5,0.0,0.604,0.331,0.296,0.255,0.283,0.302,0.173,5.603
2026-06-08,H003,summer,no,23.09,0.0,0.536,0.393,0.525,0.114,0.091,0.321,0.408,4.981
2026-06-09,H003,summer,no,24.83,0.0,0.6,0.275,0.453,0.168,0.231,0.278,0.472,5.465
2026-06-10,H001,summer,no,25.38,0.0,0.652,0.248,0.497,0.221,0.174,0.346,0.324,4.897
2026-06-11,H005,summer,no,25.68,0.022,0.67,0.284,0.529,0.151,0.133,0.388,0.363,6.113
2026-06-12,H004,summer,no,26.58,0.113,0.621,0.219,0.731,0.153,0.338,0.211,0.328,5.841
2026-06-13,H002,summer,no,25.88,0.156,0.552,0.334,0.526,0.183,0.133,0.369,0.312,6.529
2026-06-14,H001,summer,no,28.6,0.498,0.537,0.273,0.721,0.095,0.121,0.229,0.373,7.572
2026-06-15,H004,summer,no,25.15,0.0,0.585,0.253,0.448,0.001,0.187,0.332,0.272,4.746
2026-06-16,H001,summer,no,24.78,0.0,0.65,0.335,0.46,0.199,0.146,0.307,0.326,5.197
2026-06-17,H001,summer,no,27.46,0.159,0.576,0.22,0.589,0.021,0.2,0.092,0.26,4.833
2026-06-18,H003,summer,no,23.43,0.0,0.577,0.354,0.365,0.101,0.211,0.173,0.409,4.304
2026-06-19,H005,summer,no,27.28,0.317,0.553,0.267,0.565,0.038,0.216,0.152,0.374,6.118
2026-06-20,H001,summer,no,26.71,0.279,0.53,0.381,0.629,0.048,0.191,0.107,0.307,6.761
2026-06-21,H003,summer,no,26.21,0.094,0.54,0.273,0.474,0.214,0.151,0.32,0.354,5.063
2026-06-22,H003,summer,no,29.68,0.669,0.558,0.344,0.677,0.162,0.245,0.416,0.328,8.606
2026-06-23,H002,summer,no,25.26,0.0,0.653,0.313,0.557,0.159,0.192,0.229,0.464,5.582
2026-06-24,H003,summer,no,30.62,0.603,0.536,0.352,0.649,0.075,0.165,0.318,0.306,7.531
2026-06-25,H004,summer,no,26.05,0.188,0.553,0.308,0.62,0.128,0.304,0.369,0.414,6.689
2026-06-26,H001,summer,no,23.95,0.002,0.498,0.184,0.454,0.21,0.192,0.267,0.279,4.212
2026-06-27,H005,summer,no,26.64,0.244,0.593,0.371,0.542,0.176,0.276,0.248,0.431,6.462
2026-06-28,H002,summer,no,24.35,0.0,0.632,0.294,0.303,0.246,0.286,0.23,0.454,5.294
2026-06-29,H002,summer,no,25.0,0.0,0.647,0.355,0.46,0.257,0.29,0.293,0.458,6.046
2026-06-30,H001,summer,no,27.29,0.125,0.562,0.348,0.611,0.16,0.248,0.32,0.497,5.747
2026-07-01,H003,monsoon,no,23.11,0.0,0.584,0.246,0.554,0.032,0.2,0.287,0.379,4.183
2026-07-02,H003,monsoon,no,20.76,0.0,0.541,0.236,0.366,0.119,0.196,0.284,0.474,4.213
2026-07-03,H001,monsoon,no,23.97,0.0,0.582,0.346,0.539,0.172,0.183,0.246,0.512,5.452
2026-07-04,H002,monsoon,no,24.32,0.0,0.569,0.279,0.366,0.118,0.048,0.123,0.238,4.006
2026-07-05,H004,monsoon,no,24.87,0.0,0.553,0.366,0.475,0.096,0.25,0.322,0.29,5.664
2026-07-06,H004,monsoon,no,23.06,0.0,0.558,0.288,0.51,0.186,0.217,0.147,0.2,4.62
2026-07-07,H002,monsoon,no,24.73,0.0,0.577,0.372,0.408,0.374,0.258,0.3,0.456,5.376
2026-07-08,H004,monsoon,no,18.24,0.0,0.532,0.33,0.297,0.141,0.192,0.31,0.199,4.607
2026-07-09,H004,monsoon,no,21.36,0.0,0.535,0.32,0.403,0.18,0.247,0.159,0.172,4.21
2026-07-10,H002,monsoon,no,20.27,0.0,0.652,0.274,0.323,0.075,0.104,0.201,0.24,4.356
2026-07-11,H001,monsoon,no,22.24,0.0,0.713,0.316,0.353,0.279,0.118,0.42,0.176,4.969
2026-07-12,H001,monsoon,no,20.86,0.0,0.478,0.383,0.245,0.25,0.027,0.244,0.377,5.284
2026-07-13,H005,monsoon,no,21.67,0.0,0.474,0.296,0.499,0.244,0.191,0.152,0.242,4.223
2026-07-14,H002,monsoon,no,25.76,0.126,0.493,0.337,0.571,0.289,0.146,0.314,0.181,5.71
2026-07-15,H005,monsoon,no,21.66,0.0,0.544,0.303,0.384,0.146,0.137,0.188,0.346,4.135
2026-07-16,H002,monsoon,no,22.83,0.0,0.604,0.309,0.37,0.156,0.223,0.096,0.352,4.364
2026-07-17,H004,monsoon,no,21.54,0.0,0.585,0.421,0.354,0.317,0.17,0.292,0.163,4.766
2026-07-18,H002,monsoon,no,22.15,0.0,0.56,0.384,0.389,0.231,0.1,0.177,0.279,5.998
2026-07-19,H004,monsoon,no,22.01,0.0,0.582,0.306,0.402,0.002,0.378,0.276,0.343,5.134
2026-07-20,H005,monsoon,no,22.9,0.0,0.508,0.315,0.465,0.216,0.197,0.185,0.314,4.409
2026-07-21,H004,monsoon,no,24.33,0.0,0.535,0.251,0.401,0.133,0.124,0.307,0.317,4.41
2026-07-22,H001,monsoon,no,25.29,0.045,0.549,0.288,0.384,0.252,0.153,0.265,0.468,4.593
2026-07-23,H003,monsoon,no,22.62,0.0,0.455,0.322,0.402,0.213,0.188,0.043,0.565,4.522
2026-07-24,H002,monsoon,no,23.18,0.0,0.48,0.36,0.277,0.041,0.188,0.281,0.319,5.023
2026-07-25,H002,monsoon,no,19.7,0.0,0.483,0.352,0.252,0.202,0.291,0.227,0.218,4.975
2026-07-26,H005,monsoon,no,21.82,0.0,0.596,0.222,0.322,0.197,0.194,0.363,0.327,5.453
2026-07-27,H005,monsoon,no,23.88,0.0,0.565,0.368,0.485,0.209,0.33,0.282,0.369,4.883
2026-07-28,H005,monsoon,no,23.73,0.0,0.587,0.294,0.598,0.226,0.17,0.31,0.345,5.063
2026-07-29,H005,monsoon,no,22.42,0.0,0.44,0.231,0.231,0.3,0.23,0.193,0.411,4.571
2026-07-30,H003,monsoon,no,23.77,0.0,0.461,0.394,0.623,0.213,0.272,0.187,0.571,5.001
2026-07-31,H003,monsoon,no,22.98,0.0,0.59,0.402,0.391,0.182,0.284,0.248,0.179,4.964
2026-08-01,H003,monsoon,no,19.9,0.0,0.383,0.318,0.314,0.272,0.292,0.221,0.299,5.152
2026-08-02,H004,monsoon,no,18.08,0.0,0.623,0.35,0.1,0.359,0.181,0.357,0.504,5.615
2026-08-03,H001,monsoon,no,16.79,0.0,0.441,0.354,0.241,0.253,0.2,0.238,0.298,4.447
2026-08-04,H005,monsoon,no,18.17,0.0,0.601,0.398,0.22,0.196,0.026,0.152,0.429,4.828
2026-08-05,H005,monsoon,no,11.64,0.0,0.497,0.351,0.1,0.215,0.186,0.184,0.413,4.274
2026-08-06,H005,monsoon,no,18.27,0.0,0.613,0.207,0.1,0.2,0.276,0.327,0.474,4.599
2026-08-07,H003,monsoon,no,10.2,0.0,0.742,0.441,0.1,0.181,0.263,0.237,0.541,5.54
2026-08-08,H003,monsoon,no,14.05,0.0,0.414,0.375,0.12,0.353,0.194,0.232,0.383,4.515
2026-08-09,H003,monsoon,no,18.4,0.0,0.592,0.264,0.207,0.12,0.319,0.335,0.175,4.291
2026-08-10,H004,monsoon,no,18.46,0.0,0.442,0.228,0.322,0.272,0.173,0.177,0.28,4.042
2026-08-11,H002,monsoon,no,15.18,0.0,0.576,0.335,0.188,0.17,0.15,0.071,0.569,4.571
2026-08-12,H004,monsoon,no,16.08,0.0,0.538,0.281,0.1,0.062,0.167,0.182,0.209,4.345
2026-08-13,H003,monsoon,no,20.24,0.0,0.558,0.323,0.427,0.165,0.121,0.269,0.4,4.542
2026-08-14,H002,monsoon,no,16.53,0.0,0.495,0.352,0.155,0.136,0.244,0.23,0.099,4.779
2026-08-15,H004,monsoon,no,21.99,0.0,0.597,0.26,0.373,0.226,0.22,0.125,0.215,4.853
2026-08-16,H002,monsoon,no,17.5,0.0,0.463,0.222,0.198,0.187,0.243,0.331,0.439,4.882
2026-08-17,H001,monsoon,no,18.32,0.0,0.624,0.327,0.228,0.098,0.171,0.263,0.354,4.239
2026-08-18,H003,monsoon,no,20.73,0.0,0.525,0.263,0.109,0.298,0.196,0.281,0.312,5.172
2026-08-19,H003,monsoon,no,17.76,0.0,0.466,0.31,0.186,0.267,0.048,0.284,0.269,4.242
2026-08-20,H002,monsoon,no,15.5,0.0,0.646,0.206,0.1,0.307,0.226,0.146,0.15,3.791
2026-08-21,H001,monsoon,no,17.28,0.0,0.546,0.282,0.311,0.199,0.207,0.274,0.419,5.612
2026-08-22,H003,monsoon,no,17.43,0.0,0.664,0.35,0.314,0.177,0.123,0.323,0.322,5.315
2026-08-23,H004,monsoon,no,14.77,0.0,0.623,0.342,0.149,0.236,0.193,0.341,0.198,5.267
2026-08-24,H005,monsoon,no,16.99,0.0,0.502,0.245,0.15,0.134,0.182,0.308,0.353,4.911
2026-08-25,H002,monsoon,no,16.02,0.0,0.545,0.218,0.1,0.19,0.324,0.291,0.408,4.783
2026-08-26,H003,monsoon,no,19.35,0.0,0.557,0.301,0.211,0.166,0.126,0.111,0.33,4.53
2026-08-27,H005,monsoon,no,17.57,0.0,0.642,0.339,0.348,0.063,0.223,0.249,0.362,4.735
2026-08-28,H002,monsoon,no,16.93,0.0,0.576,0.328,0.112,0.19,0.124,0.173,0.354,4.53
2026-08-29,H003,monsoon,no,17.29,0.0,0.561,0.264,0.1,0.145,0.161,0.353,0.279,4.681
2026-08-30,H004,monsoon,no,17.95,0.0,0.538,0.321,0.29,0.161,0.219,0.34,0.355,5.098
2026-08-31,H003,monsoon,no,18.73,0.0,0.547,0.405,0.359,0.209,0.185,0.174,0.424,4.829
2026-09-01,H005,monsoon,no,12.21,0.0,0.628,0.314,0.111,0.282,0.2,0.246,0.453,4.614
2026-09-02,H002,monsoon,no,12.12,0.0,0.55,0.186,0.1,0.112,0.223,0.27,0.429,4.475
2026-09-03,H003,monsoon,no,16.42,0.0,0.526,0.314,0.243,0.153,0.165,0.322,0.282,4.675
2026-09-04,H003,monsoon,no,13.38,0.0,0.516,0.443,0.1,0.119,0.262,0.116,0.414,4.633
2026-09-05,H004,monsoon,no,11.37,0.0,0.517,0.21,0.1,0.114,0.179,0.073,0.397,4.476
2026-09-06,H002,monsoon,no,15.09,0.0,0.466,0.302,0.1,0.132,0.193,0.253,0.279,5.184
2026-09-07,H002,monsoon,no,15.13,0.0,0.505,0.284,0.145,0.164,0.225,0.047,0.304,4.387
2026-09-08,H002,monsoon,no,11.14,0.0,0.64,0.307,0.1,0.227,0.216,0.263,0.418,4.605
2026-09-09,H002,monsoon,no,14.66,0.0,0.538,0.314,0.1,0.206,0.245,0.297,0.488,4.838
2026-09-10,H001,monsoon,no,15.68,0.0,0.592,0.38,0.1,0.095,0.222,0.349,0.169,4.895
2026-09-11,H005,monsoon,no,14.95,0.0,0.401,0.306,0.1,0.284,0.233,0.2,0.514,4.136
2026-09-12,H002,monsoon,no,15.47,0.0,0.584,0.389,0.256,0.256,0.177,0.263,0.466,5.981
2026-09-13,H002,monsoon,no,11.4,0.0,0.54,0.292,0.1,0.108,0.125,0.302,0.37,4.347
2026-09-14,H005,monsoon,no,14.87,0.0,0.521,0.275,0.1,0.278,0.1,0.156,0.326,4.485
2026-09-15,H004,monsoon,no,13.6,0.0,0.561,0.253,0.1,0.206,0.083,0.323,0.389,4.392
2026-09-16,H002,monsoon,no,13.24,0.0,0.52,0.173,0.1,0.167,0.323,0.272,0.286,4.285
2026-09-17,H002,monsoon,no,15.95,0.0,0.423,0.319,0.179,0.209,0.045,0.202,0.332,3.64
2026-09-18,H005,monsoon,no,17.16,0.0,0.605,0.444,0.317,0.178,0.284,0.261,0.202,5.157
2026-09-19,H002,monsoon,no,17.79,0.0,0.565,0.332,0.1,0.224,0.143,0.239,0.176,4.137
2026-09-20,H005,monsoon,no,16.84,0.0,0.531,0.348,0.201,0.195,0.283,0.312,0.583,4.824
2026-09-21,H004,monsoon,no,13.99,0.0,0.492,0.271,0.1,0.153,0.046,0.221,0.356,4.421
2026-09-22,H004,monsoon,no,14.91,0.0,0.462,0.283,0.129,0.018,0.184,0.268,0.37,4.71
2026-09-23,H003,monsoon,no,15.74,0.0,0.563,0.369,0.251,0.222,0.302,0.2,0.347,4.527
2026-09-24,H001,monsoon,no,14.45,0.0,0.647,0.441,0.231,0.15,0.25,0.175,0.267,4.993
2026-09-25,H005,monsoon,no,14.47,0.0,0.562,0.404,0.1,0.242,0.176,0.264,0.319,4.84
2026-09-26,H003,monsoon,no,15.85,0.0,0.467,0.356,0.178,0.219,0.064,0.178,0.359,4.54
2026-09-27,H001,monsoon,no,14.09,0.0,0.564,0.302,0.1,0.152,0.107,0.314,0.33,5.146
2026-09-28,H005,monsoon,no,12.75,0.0,0.547,0.315,0.1,0.262,0.297,0.297,0.275,4.564
2026-09-29,H002,monsoon,no,13.38,0.0,0.602,0.247,0.1,0.196,0.176,0.189,0.398,4.522
2026-09-30,H002,monsoon,no,15.47,0.0,0.586,0.199,0.163,0.193,0.195,0.267,0.369,4.011
2026-10-01,H004,post_monsoon,yes,13.01,0.0,0.371,0.221,0.1,0.169,0.22,0.188,0.389,3.844
2026-10-02,H002,post_monsoon,yes,13.68,0.0,0.583,0.303,0.1,0.315,0.109,0.122,0.421,5.045
2026-10-03,H001,post_monsoon,yes,14.34,0.0,0.49,0.28,0.1,0.123,0.229,0.202,0.333,4.94
2026-10-04,H002,post_monsoon,yes,12.25,0.0,0.465,0.197,0.1,0.154,0.171,0.246,0.333,4.614
2026-10-05,H004,post_monsoon,yes,14.51,0.0,0.539,0.297,0.1,0.081,0.221,0.292,0.498,5.379
2026-10-06,H003,post_monsoon,yes,13.76,0.0,0.575,0.278,0.1,0.238,0.16,0.262,0.256,5.26
2026-10-07,H004,post_monsoon,yes,10.53,0.0,0.452,0.218,0.1,0.133,0.09,0.323,0.163,4.292
2026-10-08,H001,post_monsoon,yes,15.88,0.0,0.592,0.274,0.204,0.142,0.17,0.172,0.406,4.123
2026-10-09,H002,post_monsoon,yes,12.0,0.0,0.596,0.278,0.1,0.139,0.245,0.22,0.287,4.516
2026-10-10,H002,post_monsoon,yes,9.69,0.0,0.553,0.257,0.1,0.185,0.228,0.382,0.242,4.776
2026-10-11,H001,post_monsoon,yes,10.91,0.0,0.498,0.365,0.1,0.08,0.202,0.096,0.439,4.736
2026-10-12,H004,post_monsoon,yes,10.96,0.0,0.491,0.167,0.1,0.001,0.263,0.214,0.336,3.837
2026-10-13,H002,post_monsoon,yes,13.1,0.0,0.612,0.161,0.1,0.217,0.186,0.164,0.224,3.92
2026-10-14,H003,post_monsoon,yes,12.45,0.0,0.459,0.3,0.1,0.011,0.204,0.234,0.543,3.661
2026-10-15,H005,post_monsoon,yes,12.33,0.0,0.614,0.307,0.1,0.248,0.166,0.215,0.189,4.623
2026-10-16,H002,post_monsoon,yes,14.24,0.0,0.54,0.328,0.153,0.305,0.267,0.298,0.341,4.228
2026-10-17,H001,post_monsoon,yes,13.68,0.0,0.544,0.262,0.126,0.167,0.22,0.27,0.161,4.7
2026-10-18,H005,post_monsoon,yes,13.63,0.0,0.448,0.236,0.1,0.284,0.161,0.146,0.377,4.99
2026-10-19,H002,post_monsoon,yes,13.82,0.0,0.541,0.299,0.1,0.178,0.096,0.203,0.286,4.105
2026-10-20,H002,post_monsoon,yes,14.23,0.0,0.587,0.269,0.213,0.308,0.277,0.25,0.432,4.756
2026-10-21,H004,post_monsoon,yes,8.78,0.0,0.47,0.409,0.1,0.144,0.148,0.309,0.348,4.597
2026-10-22,H001,post_monsoon,yes,12.27,0.0,0.58,0.277,0.1,0.0,0.205,0.445,0.485,4.537
2026-10-23,H002,post_monsoon,yes,8.64,0.0,0.555,0.296,0.1,0.174,0.365,0.306,0.307,4.93
2026-10-24,H001,post_monsoon,yes,13.07,0.0,0.511,0.473,0.1,0.317,0.256,0.169,0.19,4.738
2026-10-25,H005,post_monsoon,yes,12.99,0.0,0.601,0.286,0.122,0.223,0.313,0.242,0.374,5.232
2026-10-26,H002,post_monsoon,yes,15.09,0.0,0.418,0.339,0.212,0.139,0.162,0.264,0.325,4.41
2026-10-27,H003,post_monsoon,yes,15.38,0.0,0.571,0.345,0.1,0.206,0.275,0.208,0.168,4.587
2026-10-28,H003,post_monsoon,yes,13.41,0.0,0.647,0.351,0.1,0.258,0.202,0.288,0.244,5.449
2026-10-29,H003,post_monsoon,yes,12.0,0.0,0.636,0.32,0.1,0.173,0.226,0.068,0.276,4.511
2026-10-30,H001,post_monsoon,yes,13.97,0.0,0.573,0.314,0.258,0.39,0.341,0.294,0.506,5.729
2026-10-31,H002,post_monsoon,yes,11.94,0.0,0.532,0.307,0.1,0.139,0.18,0.212,0.421,4.68
2026-11-01,H005,post_monsoon,yes,14.2,0.0,0.512,0.26,0.173,0.26,0.201,0.241,0.315,5.119
2026-11-02,H003,post_monsoon,yes,16.18,0.0,0.532,0.323,0.139,0.241,0.137,0.367,0.397,4.816
2026-11-03,H005,post_monsoon,yes,13.09,0.0,0.583,0.442,0.1,0.124,0.262,0.149,0.146,4.482
2026-11-04,H003,post_monsoon,yes,15.82,0.0,0.502,0.385,0.113,0.146,0.161,0.272,0.294,4.787
2026-11-05,H002,post_monsoon,yes,15.56,0.0,0.595,0.321,0.113,0.261,0.272,0.314,0.39,4.89
2026-11-06,H002,post_monsoon,yes,12.3,0.0,0.678,0.36,0.1,0.192,0.085,0.264,0.367,4.64
2026-11-07,H004,post_monsoon,yes,16.15,0.0,0.546,0.239,0.161,0.207,0.238,0.121,0.296,4.65
2026-11-08,H002,post_monsoon,yes,15.6,0.0,0.469,0.282,0.191,0.049,0.155,0.358,0.346,4.71
2026-11-09,H003,post_monsoon,yes,14.41,0.0,0.469,0.366,0.1,0.232,0.251,0.233,0.384,4.804
2026-11-10,H005,post_monsoon,yes,12.68,0.0,0.597,0.404,0.1,0.203,0.199,0.208,0.349,4.646
2026-11-11,H005,post_monsoon,yes,12.49,0.0,0.546,0.246,0.1,0.175,0.163,0.225,0.436,5.089
2026-11-12,H002,post_monsoon,yes,13.13,0.0,0.603,0.266,0.1,0.209,0.173,0.219,0.382,5.595
2026-11-13,H002,post_monsoon,yes,15.29,0.0,0.518,0.453,0.119,0.147,0.14,0.155,0.401,4.373
2026-11-14,H004,post_monsoon,yes,12.29,0.0,0.6,0.307,0.1,0.133,0.259,0.263,0.521,5.352
2026-11-15,H004,post_monsoon,yes,15.08,0.0,0.541,0.428,0.115,0.161,0.127,0.202,0.433,5.387
2026-11-16,H004,post_monsoon,yes,11.72,0.0,0.506,0.314,0.1,0.143,0.181,0.304,0.524,4.678
2026-11-17,H001,post_monsoon,yes,13.8,0.0,0.526,0.317,0.1,0.354,0.224,0.291,0.283,4.54
2026-11-18,H003,post_monsoon,yes,14.43,0.0,0.478,0.279,0.1,0.253,0.313,0.38,0.191,5.397
2026-11-19,H001,post_monsoon,yes,19.1,0.0,0.669,0.366,0.344,0.103,0.199,0.233,0.336,5.244
2026-11-20,H005,post_monsoon,yes,11.45,0.0,0.544,0.395,0.1,0.343,0.183,0.186,0.327,4.929
2026-11-21,H005,post_monsoon,yes,17.15,0.0,0.589,0.228,0.318,0.145,0.219,0.132,0.496,5.666
2026-11-22,H004,post_monsoon,yes,14.51,0.0,0.518,0.275,0.1,0.182,0.055,0.425,0.237,5.162
2026-11-23,H002,post_monsoon,yes,15.03,0.0,0.487,0.364,0.152,0.252,0.116,0.303,0.342,4.738
2026-11-24,H004,post_monsoon,yes,14.44,0.0,0.536,0.291,0.1,0.022,0.174,0.195,0.391,3.967
2026-11-25,H003,post_monsoon,yes,15.1,0.0,0.616,0.265,0.128,0.161,0.15,0.385,0.36,4.668
2026-11-26,H004,post_monsoon,yes,13.9,0.0,0.519,0.371,0.1,0.134,0.088,0.358,0.333,5.038
2026-11-27,H002,post_monsoon,yes,17.11,0.0,0.498,0.377,0.17,0.196,0.26,0.142,0.386,4.94
2026-11-28,H003,post_monsoon,yes,13.29,0.0,0.559,0.269,0.264,0.21,0.218,0.19,0.458,5.172
2026-11-29,H005,post_monsoon,yes,16.47,0.0,0.58,0.315,0.173,0.174,0.21,0.239,0.504,5.884
2026-11-30,H001,post_monsoon,yes,12.92,0.0,0.649,0.215,0.1,0.17,0.151,0.164,0.353,4.415
2026-12-01,H002,winter,no,17.38,0.0,0.571,0.237,0.218,0.265,0.206,0.442,0.268,5.16
2026-12-02,H002,winter,no,15.36,0.0,0.589,0.309,0.1,0.204,0.236,0.507,0.503,5.135
2026-12-03,H001,winter,no,18.41,0.0,0.593,0.302,0.15,0.183,0.181,0.34,0.242,5.186
2026-12-04,H002,winter,no,20.39,0.0,0.481,0.232,0.474,0.192,0.231,0.473,0.529,5.498
2026-12-05,H004,winter,no,17.35,0.0,0.492,0.25,0.269,0.327,0.144,0.543,0.484,5.534
2026-12-06,H001,winter,no,17.11,0.0,0.485,0.225,0.202,0.194,0.207,0.482,0.499,5.15
2026-12-07,H002,winter,no,15.27,0.0,0.47,0.332,0.1,0.139,0.28,0.444,0.419,4.706
2026-12-08,H005,winter,no,17.04,0.0,0.598,0.162,0.147,0.027,0.286,0.397,0.139,3.993
2026-12-09,H002,winter,no,14.31,0.0,0.567,0.229,0.186,0.065,0.293,0.516,0.246,4.198
2026-12-10,H002,winter,no,15.67,0.0,0.555,0.17,0.141,0.143,0.22,0.356,0.381,4.564
2026-12-11,H004,winter,no,17.95,0.0,0.394,0.329,0.1,0.171,0.202,0.469,0.282,4.277
2026-12-12,H004,winter,no,20.14,0.0,0.673,0.174,0.489,0.136,0.169,0.452,0.318,5.204
2026-12-13,H005,winter,no,23.12,0.0,0.496,0.302,0.429,0.208,0.073,0.54,0.411,5.413
2026-12-14,H001,winter,no,16.33,0.0,0.673,0.415,0.171,0.135,0.106,0.403,0.333,4.808
2026-12-15,H004,winter,no,20.37,0.0,0.463,0.417,0.392,0.107,0.188,0.41,0.228,4.752
2026-12-16,H004,winter,no,17.99,0.0,0.501,0.174,0.247,0.229,0.192,0.351,0.439,5.263
2026-12-17,H001,winter,no,17.2,0.0,0.418,0.321,0.238,0.29,0.299,0.485,0.401,5.306
2026-12-18,H005,winter,no,18.37,0.0,0.572,0.231,0.191,0.091,0.292,0.416,0.325,5.391
2026-12-19,H002,winter,no,17.62,0.0,0.484,0.216,0.1,0.199,0.152,0.381,0.421,4.638
2026-12-20,H003,winter,no,17.72,0.0,0.486,0.292,0.221,0.028,0.257,0.389,0.36,5.132
2026-12-21,H004,winter,no,16.68,0.0,0.468,0.386,0.272,0.062,0.167,0.493,0.483,4.734
2026-12-22,H003,winter,no,14.7,0.0,0.597,0.342,0.1,0.133,0.248,0.362,0.365,4.467
2026-12-23,H002,winter,no,14.41,0.0,0.593,0.25,0.1,0.271,0.256,0.369,0.482,5.639
2026-12-24,H002,winter,no,18.81,0.0,0.659,0.349,0.34,0.118,0.287,0.522,0.163,4.834
2026-12-25,H004,winter,no,16.95,0.0,0.509,0.143,0.131,0.115,0.166,0.437,0.396,3.605
2026-12-26,H001,winter,no,16.31,0.0,0.563,0.247,0.109,0.183,0.271,0.526,0.31,4.919
2026-12-27,H003,winter,no,17.52,0.0,0.473,0.242,0.161,0.183,0.069,0.421,0.264,3.956
2026-12-28,H004,winter,no,19.09,0.0,0.53,0.305,0.248,0.117,0.291,0.45,0.466,4.644
2026-12-29,H005,winter,no,17.86,0.0,0.519,0.286,0.1,0.339,0.198,0.463,0.439,4.653
2026-12-30,H005,winter,no,16.19,0.0,0.578,0.29,0.1,0.159,0.2,0.561,0.149,4.655
2026-12-31,H002,winter,no,19.95,0.0,0.611,0.288,0.307,0.189,0.057,0.554,0.422,4.348
2027-01-01,H001,winter,no,25.16,0.0,0.609,0.302,0.514,0.148,0.173,0.542,0.409,5.797
2027-01-02,H005,winter,no,22.99,0.0,0.499,0.338,0.502,0.215,0.295,0.4,0.278,4.849
2027-01-03,H003,winter,no,23.95,0.0,0.61,0.31,0.595,0.279,0.17,0.371,0.266,5.571
2027-01-04,H003,winter,no,24.48,0.047,0.547,0.28,0.59,0.313,0.25,0.511,0.191,5.546
2027-01-05,H005,winter,no,24.26,0.0,0.531,0.328,0.534,0.119,0.202,0.56,0.316,5.546
2027-01-06,H004,winter,no,23.23,0.0,0.507,0.358,0.407,0.268,0.274,0.543,0.332,5.516
2027-01-07,H003,winter,no,23.2,0.0,0.516,0.261,0.368,0.224,0.213,0.451,0.43,5.491
2027-01-08,H001,winter,no,23.04,0.0,0.655,0.296,0.413,0.258,0.135,0.508,0.377,5.208
2027-01-09,H001,winter,no,19.81,0.0,0.568,0.381,0.329,0.173,0.204,0.51,0.244,5.236
2027-01-10,H003,winter,no,23.4,0.0,0.56,0.223,0.492,0.165,0.312,0.462,0.374,5.731
2027-01-11,H001,winter,no,19.29,0.0,0.534,0.426,0.311,0.255,0.235,0.465,0.325,5.559
2027-01-12,H002,winter,no,20.41,0.0,0.697,0.206,0.297,0.256,0.192,0.458,0.257,5.31
2027-01-13,H004,winter,no,24.61,0.014,0.628,0.276,0.537,0.305,0.358,0.387,0.191,5.575
2027-01-14,H001,winter,no,23.68,0.0,0.507,0.233,0.538,0.196,0.281,0.395,0.412,5.259
2027-01-15,H005,winter,no,24.97,0.048,0.534,0.453,0.559,0.171,0.257,0.394,0.395,5.627
2027-01-16,H003,winter,no,21.46,0.0,0.537,0.265,0.346,0.0,0.222,0.322,0.406,5.053
2027-01-17,H005,winter,no,19.7,0.0,0.559,0.265,0.211,0.051,0.251,0.461,0.277,5.676
2027-01-18,H001,winter,no,21.52,0.0,0.508,0.274,0.282,0.148,0.253,0.447,0.367,4.765
2027-01-19,H003,winter,no,22.2,0.0,0.576,0.307,0.324,0.092,0.047,0.511,0.212,4.512
2027-01-20,H005,winter,no,22.16,0.0,0.637,0.277,0.397,0.245,0.228,0.551,0.251,5.149
2027-01-21,H004,winter,no,24.27,0.004,0.471,0.291,0.502,0.075,0.189,0.556,0.353,5.209
2027-01-22,H005,winter,no,21.28,0.0,0.482,0.1,0.228,0.14,0.165,0.563,0.376,3.883
2027-01-23,H004,winter,no,22.7,0.0,0.521,0.304,0.358,0.143,0.186,0.389,0.187,4.939
2027-01-24,H004,winter,no,20.02,0.0,0.524,0.301,0.31,0.276,0.091,0.335,0.244,5.287
2027-01-25,H002,winter,no,22.9,0.0,0.67,0.373,0.334,0.131,0.074,0.524,0.313,4.87
2027-01-26,H003,winter,no,22.01,0.0,0.61,0.392,0.405,0.216,0.287,0.561,0.446,5.709
2027-01-27,H001,winter,no,20.5,0.0,0.607,0.287,0.285,0.196,0.232,0.574,0.269,5.868
2027-01-28,H002,winter,no,21.53,0.0,0.534,0.357,0.293,0.252,0.031,0.489,0.364,5.043
2027-01-29,H001,winter,no,21.63,0.0,0.533,0.223,0.36,0.248,0.16,0.29,0.375,3.934
2027-01-30,H002,winter,no,21.46,0.0,0.463,0.354,0.38,0.177,0.262,0.479,0.325,4.909
2027-01-31,H004,winter,no,25.54,0.072,0.597,0.26,0.444,0.044,0.18,0.494,0.377,5.611
2027-02-01,H002,winter,no,26.3,0.089,0.579,0.217,0.523,0.161,0.287,0.55,0.216,5.393
2027-02-02,H003,winter,no,26.01,0.225,0.627,0.287,0.568,0.178,0.273,0.564,0.284,6.681
2027-02-03,H003,winter,no,22.31,0.0,0.537,0.398,0.321,0.203,0.105,0.523,0.493,5.106
2027-02-04,H001,winter,no,24.71,0.022,0.541,0.313,0.346,0.121,0.19,0.403,0.5,5.484
2027-02-05,H005,winter,no,25.97,0.217,0.56,0.405,0.406,0.271,0.169,0.368,0.434,5.932
2027-02-06,H004,winter,no,25.13,0.0,0.604,0.248,0.462,0.181,0.103,0.493,0.46,5.464
2027-02-07,H001,winter,no,29.26,0.523,0.462,0.373,0.555,0.106,0.098,0.387,0.167,7.731
2027-02-08,H001,winter,no,26.17,0.133,0.594,0.254,0.509,0.143,0.144,0.568,0.255,5.925
2027-02-09,H001,winter,no,29.08,0.406,0.549,0.316,0.786,0.334,0.155,0.314,0.319,7.531
2027-02-10,H002,winter,no,26.62,0.182,0.486,0.315,0.445,0.233,0.22,0.495,0.592,5.503
2027-02-11,H001,winter,no,26.57,0.304,0.425,0.346,0.53,0.264,0.273,0.476,0.319,6.847
2027-02-12,H001,winter,no,26.32,0.184,0.542,0.318,0.713,0.097,0.236,0.433,0.424,6.272
2027-02-13,H003,winter,no,26.51,0.081,0.637,0.248,0.583,0.125,0.253,0.376,0.388,6.287
2027-02-14,H003,winter,no,29.94,0.493,0.65,0.362,0.658,0.125,0.181,0.285,0.386,8.306
2027-02-15,H001,winter,no,21.86,0.0,0.571,0.421,0.352,0.195,0.242,0.407,0.348,5.235
2027-02-16,H003,winter,no,22.5,0.0,0.668,0.259,0.424,0.166,0.19,0.409,0.23,5.075
2027-02-17,H003,winter,no,25.41,0.0,0.547,0.172,0.642,0.141,0.169,0.539,0.08,5.433
2027-02-18,H002,winter,no,26.53,0.169,0.607,0.335,0.509,0.151,0.333,0.387,0.478,6.687
2027-02-19,H001,winter,no,27.88,0.242,0.523,0.277,0.545,0.116,0.037,0.486,0.288,6.168
2027-02-20,H004,winter,no,27.45,0.42,0.519,0.291,0.478,0.166,0.069,0.347,0.163,7.765
2027-02-21,H001,winter,no,25.73,0.06,0.509,0.339,0.528,0.269,0.227,0.488,0.394,5.873
2027-02-22,H002,winter,no,28.54,0.552,0.426,0.268,0.519,0.059,0.181,0.271,0.392,6.914
2027-02-23,H004,winter,no,28.56,0.449,0.627,0.281,0.595,0.208,0.099,0.618,0.427,7.845
2027-02-24,H004,winter,no,26.87,0.348,0.512,0.293,0.492,0.29,0.126,0.439,0.462,6.864
2027-02-25,H005,winter,no,28.43,0.449,0.502,0.403,0.713,0.165,0.135,0.226,0.258,6.323
2027-02-26,H001,winter,no,27.05,0.324,0.479,0.302,0.531,0.138,0.262,0.393,0.263,6.343
2027-02-27,H001,winter,no,25.38,0.105,0.538,0.214,0.537,0.254,0.285,0.38,0.318,6.157
2027-02-28,H004,winter,no,27.9,0.412,0.656,0.216,0.477,0.101,0.315,0.398,0.432,7.6
2027-03-01,H002,summer,no,30.02,0.655,0.676,0.31,0.701,0.178,0.089,0.221,0.14,7.889
2027-03-02,H002,summer,no,29.8,0.581,0.45,0.221,0.586,0.097,0.104,0.197,0.363,7.37
2027-03-03,H002,summer,no,32.74,1.121,0.529,0.191,0.766,0.03,0.1,0.185,0.443,10.345
2027-03-04,H005,summer,no,24.89,0.0,0.488,0.344,0.663,0.168,0.29,0.157,0.439,5.317
2027-03-05,H004,summer,no,26.96,0.245,0.609,0.348,0.643,0.079,0.229,0.316,0.421,6.228
2027-03-06,H005,summer,no,27.42,0.304,0.567,0.274,0.577,0.179,0.206,0.346,0.456,7.378
2027-03-07,H003,summer,no,29.07,0.541,0.512,0.321,0.909,0.269,0.216,0.23,0.075,7.836
2027-03-08,H003,summer,no,29.29,0.501,0.554,0.313,0.588,0.328,0.196,0.249,0.511,7.68
2027-03-09,H003,summer,no,26.78,0.248,0.521,0.342,0.654,0.187,0.122,0.16,0.383,6.703
2027-03-10,H001,summer,no,27.82,0.339,0.647,0.342,0.48,0.262,0.236,0.256,0.483,6.649
2027-03-11,H003,summer,no,28.07,0.258,0.583,0.118,0.593,0.212,0.187,0.268,0.233,5.812
2027-03-12,H002,summer,no,34.71,1.214,0.59,0.283,0.771,0.149,0.116,0.232,0.175,10.508
2027-03-13,H005,summer,no,33.4,0.962,0.39,0.336,0.846,0.026,0.24,0.282,0.529,10.037
2027-03-14,H001,summer,no,28.97,0.358,0.546,0.271,0.653,0.31,0.17,0.275,0.257,7.286
2027-03-15,H001,summer,no,29.07,0.519,0.675,0.303,0.628,0.096,0.216,0.166,0.319,7.769
2027-03-16,H005,summer,no,27.5,0.351,0.63,0.353,0.677,0.291,0.191,0.345,0.403,7.325
2027-03-17,H001,summer,no,25.98,0.164,0.439,0.306,0.484,0.223,0.262,0.233,0.427,5.6
2027-03-18,H003,summer,no,29.56,0.615,0.531,0.406,0.699,0.102,0.215,0.384,0.458,8.052
2027-03-19,H002,summer,no,27.8,0.195,0.478,0.379,0.668,0.205,0.138,0.284,0.372,5.811
2027-03-20,H002,summer,no,29.62,0.469,0.653,0.292,0.556,0.351,0.223,0.408,0.245,7.606
2027-03-21,H003,summer,no,26.59,0.357,0.565,0.286,0.494,0.303,0.225,0.344,0.421,7.665
2027-03-22,H004,summer,no,28.27,0.325,0.504,0.1,0.625,0.139,0.236,0.268,0.422,6.725
2027-03-23,H001,summer,no,30.09,0.685,0.552,0.277,0.744,0.123,0.273,0.192,0.168,8.284
2027-03-24,H004,summer,no,30.53,0.636,0.394,0.205,0.825,0.188,0.157,0.194,0.492,8.295
2027-03-25,H005,summer,no,30.63,0.71,0.485,0.315,0.698,0.167,0.247,0.293,0.101,8.741
2027-03-26,H002,summer,no,27.15,0.218,0.552,0.311,0.551,0.276,0.079,0.261,0.453,6.176
2027-03-27,H004,summer,no,31.5,0.858,0.601,0.349,0.68,0.239,0.192,0.203,0.287,10.264
2027-03-28,H005,summer,no,28.19,0.41,0.434,0.398,0.644,0.045,0.181,0.317,0.421,6.992
2027-03-29,H005,summer,no,31.06,0.722,0.527,0.298,0.709,0.217,0.301,0.253,0.401,8.795
2027-03-30,H004,summer,no,29.77,0.513,0.611,0.46,0.659,0.166,0.189,0.317,0.346,7.77
2027-03-31,H005,summer,no,27.04,0.277,0.463,0.316,0.564,0.183,0.243,0.172,0.395,6.436
2027-04-01,H004,summer,no,30.37,0.574,0.564,0.208,0.749,0.2,0.077,0.33,0.341,7.436
2027-04-02,H003,summer,no,31.73,0.876,0.554,0.261,0.714,0.276,0.175,0.29,0.421,10.202
2027-04-03,H001,summer,no,32.23,1.113,0.653,0.274,0.717,0.258,0.141,0.346,0.569,11.742
2027-04-04,H005,summer,no,30.72,0.823,0.536,0.341,0.753,0.12,0.373,0.328,0.216,10.377
2027-04-05,H002,summer,no,34.06,1.19,0.54,0.234,0.61,0.175,0.153,0.243,0.031,10.455
2027-04-06,H004,summer,no,33.02,0.995,0.601,0.279,0.762,0.144,0.205,0.237,0.308,9.898
2027-04-07,H004,summer,no,30.49,0.531,0.47,0.289,0.617,0.045,0.209,0.393,0.302,7.758
2027-04-08,H002,summer,no,32.5,0.832,0.537,0.269,0.886,0.171,0.089,0.227,0.312,9.575
2027-04-09,H004,summer,no,34.87,1.336,0.523,0.357,0.849,0.328,0.163,0.31,0.257,11.898
2027-04-10,H004,summer,no,34.92,1.177,0.542,0.345,0.842,0.043,0.228,0.219,0.437,10.73
2027-04-11,H004,summer,no,28.54,0.387,0.601,0.382,0.628,0.178,0.206,0.101,0.212,6.46
2027-04-12,H005,summer,no,29.15,0.505,0.583,0.277,0.608,0.176,0.039,0.152,0.395,7.325
2027-04-13,H002,summer,no,33.97,1.036,0.505,0.384,0.817,0.203,0.16,0.282,0.414,11.094
2027-04-14,H004,summer,no,28.88,0.387,0.558,0.205,0.653,0.103,0.271,0.306,0.382,6.526
2027-04-15,H001,summer,no,28.35,0.415,0.639,0.203,0.59,0.066,0.241,0.283,0.399,6.949
2027-04-16,H004,summer,no,30.03,0.557,0.5,0.215,0.657,0.07,0.285,0.342,0.445,7.736
2027-04-17,H001,summer,no,31.84,0.796,0.559,0.301,0.683,0.286,0.131,0.281,0.355,10.213
2027-04-18,H002,summer,no,30.8,0.662,0.538,0.384,0.63,0.101,0.29,0.188,0.315,9.415
2027-04-19,H001,summer,no,29.7,0.629,0.546,0.258,0.683,0.14,0.197,0.298,0.399,8.385
2027-04-20,H005,summer,no,29.65,0.563,0.452,0.267,0.701,0.348,0.311,0.264,0.41,8.517
2027-04-21,H002,summer,no,29.58,0.558,0.635,0.285,0.559,0.121,0.2,0.204,0.439,8.057
2027-04-22,H002,summer,no,29.24,0.578,0.504,0.34,0.72,0.207,0.057,0.288,0.179,7.303
2027-04-23,H002,summer,no,35.56,1.309,0.612,0.267,0.974,0.265,0.259,0.256,0.332,12.445
2027-04-24,H004,summer,no,31.6,0.802,0.513,0.263,0.832,0.261,0.169,0.202,0.243,9.072
2027-04-25,H005,summer,no,32.77,1.009,0.512,0.206,0.825,0.073,0.174,0.236,0.406,10.29
2027-04-26,H004,summer,no,30.02,0.681,0.623,0.26,0.742,0.123,0.098,0.363,0.423,9.048
2027-04-27,H001,summer,no,30.63,0.692,0.61,0.382,0.89,0.204,0.314,0.36,0.323,9.294
2027-04-28,H003,summer,no,29.57,0.578,0.563,0.306,0.649,0.334,0.164,0.265,0.277,8.462
2027-04-29,H001,summer,no,25.7,0.025,0.596,0.248,0.434,0.119,0.31,0.255,0.41,5.476
2027-04-30,H001,summer,no,28.24,0.337,0.533,0.387,0.497,0.141,0.17,0.135,0.337,5.723
2027-05-01,H001,summer,no,26.17,0.208,0.549,0.259,0.677,0.214,0.135,0.388,0.493,5.976
2027-05-02,H004,summer,no,25.29,0.072,0.51,0.399,0.643,0.23,0.292,0.333,0.527,6.692
2027-05-03,H005,summer,no,27.4,0.337,0.604,0.398,0.512,0.234,0.195,0.31,0.45,7.421
2027-05-04,H002,summer,no,32.44,0.953,0.508,0.304,0.73,0.112,0.196,0.068,0.373,9.593
2027-05-05,H005,summer,no,29.71,0.592,0.639,0.195,0.652,0.137,0.11,0.253,0.533,8.162
2027-05-06,H002,summer,no,32.38,0.978,0.531,0.46,0.883,0.197,0.168,0.24,0.374,10.668
2027-05-07,H002,summer,no,30.62,0.777,0.551,0.327,0.612,0.281,0.23,0.305,0.302,9.429
2027-05-08,H001,summer,no,31.36,0.868,0.596,0.277,0.587,0.161,0.109,0.214,0.282,9.326
2027-05-09,H001,summer,no,27.99,0.366,0.551,0.367,0.783,0.178,0.162,0.231,0.28,7.646
2027-05-10,H004,summer,no,30.84,0.841,0.532,0.349,0.749,0.098,0.171,0.3,0.349,9.2
2027-05-11,H003,summer,no,31.25,0.8,0.548,0.392,0.776,0.329,0.205,0.188,0.396,9.544
2027-05-12,H001,summer,no,28.64,0.506,0.604,0.254,0.619,0.192,0.304,0.204,0.208,7.553
2027-05-13,H003,summer,no,30.91,0.762,0.51,0.322,0.764,0.266,0.179,0.265,0.305,8.733
2027-05-14,H002,summer,no,30.93,0.761,0.542,0.217,0.606,0.182,0.152,0.357,0.371,8.558
2027-05-15,H002,summer,no,28.7,0.403,0.551,0.347,0.571,0.187,0.392,0.315,0.414,8.547
2027-05-16,H005,summer,no,27.55,0.375,0.602,0.298,0.6,0.06,0.17,0.336,0.347,6.881
2027-05-17,H003,summer,no,27.43,0.531,0.544,0.32,0.405,0.008,0.187,0.255,0.374,7.321
2027-05-18,H003,summer,no,29.97,0.591,0.658,0.29,0.664,0.28,0.175,0.37,0.226,8.512
2027-05-19,H004,summer,no,30.45,0.687,0.541,0.282,0.679,0.186,0.181,0.111,0.259,8.145
2027-05-20,H005,summer,no,28.21,0.365,0.536,0.239,0.594,0.197,0.205,0.412,0.344,7.218
2027-05-21,H004,summer,no,29.85,0.567,0.54,0.355,0.64,0.08,0.264,0.422,0.401,8.274
2027-05-22,H003,summer,no,30.94,0.865,0.471,0.404,0.648,0.108,0.228,0.287,0.373,9.435
2027-05-23,H002,summer,no,31.03,0.7,0.488,0.261,0.585,0.265,0.275,0.317,0.265,9.103
2027-05-24,H001,summer,no,32.9,0.949,0.518,0.339,0.817,0.319,0.273,0.247,0.326,10.055
2027-05-25,H001,summer,no,32.35,0.792,0.618,0.33,0.76,0.13,0.215,0.233,0.501,9.937
2027-05-26,H004,summer,no,27.79,0.288,0.548,0.301,0.492,0.234,0.226,0.201,0.404,6.53
2027-05-27,H004,summer,no,33.16,0.884,0.521,0.193,0.821,0.195,0.278,0.246,0.334,9.357
2027-05-28,H002,summer,no,28.73,0.517,0.624,0.209,0.616,0.17,0.122,0.294,0.247,7.559
2027-05-29,H005,summer,no,31.88,1.084,0.643,0.245,0.728,0.328,0.375,0.284,0.279,11.042
2027-05-30,H005,summer,no,29.93,0.587,0.625,0.15,0.515,0.144,0.164,0.409,0.351,8.333
2027-05-31,H004,summer,no,28.97,0.363,0.499,0.399,0.703,0.279,0.175,0.258,0.378,7.033
2027-06-01,H002,summer,no,22.88,0.0,0.52,0.326,0.307,0.211,0.115,0.131,0.407,4.149
2027-06-02,H003,summer,no,26.16,0.086,0.659,0.298,0.541,0.179,0.117,0.382,0.389,5.324
2027-06-03,H005,summer,no,23.38,0.0,0.564,0.147,0.361,0.29,0.268,0.152,0.313,5.449
2027-06-04,H003,summer,no,28.43,0.407,0.534,0.172,0.596,0.203,0.359,0.205,0.299,6.987
2027-06-05,H003,summer,no,29.53,0.516,0.593,0.3,0.764,0.172,0.16,0.272,0.555,8.193
2027-06-06,H003,summer,no,24.91,0.0,0.61,0.438,0.529,0.29,0.224,0.283,0.294,5.443
2027-06-07,H005,summer,no,27.1,0.324,0.516,0.251,0.665,0.28,0.215,0.134,0.221,6.6
2027-06-08,H003,summer,no,25.05,0.0,0.563,0.36,0.518,0.276,0.27,0.19,0.186,4.709
2027-06-09,H001,summer,no,25.24,0.0,0.606,0.266,0.531,0.0,0.355,0.132,0.315,4.273
2027-06-10,H003,summer,no,28.05,0.365,0.48,0.304,0.469,0.215,0.306,0.3,0.444,6.9
2027-06-11,H004,summer,no,26.42,0.076,0.551,0.385,0.522,0.197,0.183,0.345,0.292,5.437
2027-06-12,H005,summer,no,29.98,0.654,0.483,0.276,0.671,0.177,0.237,0.152,0.498,8.47
2027-06-13,H001,summer,no,25.54,0.0,0.491,0.252,0.609,0.229,0.244,0.33,0.349,5.141
2027-06-14,H005,summer,no,28.5,0.402,0.516,0.399,0.589,0.201,0.199,0.324,0.461,7.157
2027-06-15,H005,summer,no,26.69,0.273,0.579,0.303,0.579,0.234,0.123,0.197,0.274,6.025
2027-06-16,H004,summer,no,28.09,0.411,0.531,0.376,0.632,0.159,0.144,0.091,0.276,6.51
2027-06-17,H002,summer,no,25.61,0.123,0.511,0.252,0.607,0.3,0.28,0.164,0.359,5.743
2027-06-18,H002,summer,no,26.4,0.17,0.553,0.398,0.535,0.242,0.288,0.202,0.398,6.815
2027-06-19,H003,summer,no,26.27,0.252,0.481,0.319,0.607,0.223,0.185,0.373,0.332,7.21
2027-06-20,H001,summer,no,24.83,0.052,0.576,0.33,0.347,0.219,0.218,0.241,0.379,6.129
2027-06-21,H004,summer,no,27.82,0.389,0.618,0.309,0.474,0.273,0.284,0.169,0.409,6.842
2027-06-22,H004,summer,no,27.8,0.424,0.545,0.265,0.419,0.262,0.081,0.262,0.208,7.275
2027-06-23,H003,summer,no,27.69,0.396,0.538,0.3,0.66,0.171,0.169,0.146,0.316,6.858
2027-06-24,H004,summer,no,29.57,0.537,0.572,0.269,0.727,0.259,0.341,0.291,0.298,8.448
2027-06-25,H004,summer,no,29.4,0.442,0.428,0.367,0.738,0.194,0.221,0.172,0.303,7.315
2027-06-26,H005,summer,no,25.75,0.127,0.582,0.286,0.466,0.333,0.121,0.183,0.391,5.775
2027-06-27,H004,summer,no,27.25,0.324,0.736,0.195,0.535,0.268,0.208,0.28,0.3,7.382
2027-06-28,H002,summer,no,25.25,0.119,0.543,0.182,0.49,0.13,0.272,0.39,0.149,5.501
2027-06-29,H001,summer,no,26.55,0.118,0.543,0.179,0.667,0.366,0.022,0.426,0.326,5.181
2027-06-30,H005,summer,no,25.3,0.0,0.595,0.343,0.638,0.012,0.212,0.167,0.244,4.637
2027-07-01,H004,monsoon,no,25.24,0.067,0.649,0.219,0.563,0.231,0.174,0.202,0.4,5.635
2027-07-02,H005,monsoon,no,22.73,0.0,0.608,0.321,0.426,0.124,0.085,0.291,0.431,4.895
2027-07-03,H003,monsoon,no,21.56,0.0,0.421,0.31,0.459,0.331,0.206,0.344,0.133,5.31
2027-07-04,H001,monsoon,no,24.39,0.0,0.584,0.295,0.445,0.2,0.19,0.077,0.273,4.602
2027-07-05,H003,monsoon,no,17.66,0.0,0.704,0.331,0.165,0.116,0.198,0.257,0.385,4.739
2027-07-06,H004,monsoon,no,17.97,0.0,0.587,0.311,0.199,0.159,0.176,0.211,0.209,4.269
2027-07-07,H002,monsoon,no,23.59,0.0,0.481,0.11,0.355,0.123,0.129,0.096,0.428,4.0
2027-07-08,H003,monsoon,no,22.12,0.0,0.567,0.277,0.361,0.156,0.098,0.143,0.455,4.242
2027-07-09,H003,monsoon,no,22.5,0.0,0.473,0.33,0.301,0.154,0.152,0.205,0.334,4.697
2027-07-10,H002,monsoon,no,19.35,0.0,0.624,0.415,0.346,0.12,0.26,0.255,0.273,5.288
2027-07-11,H005,monsoon,no,21.95,0.0,0.493,0.418,0.412,0.202,0.216,0.331,0.119,5.187
2027-07-12,H003,monsoon,no,26.01,0.268,0.554,0.205,0.645,0.211,0.195,0.278,0.431,7.158
2027-07-13,H005,monsoon,no,23.65,0.0,0.499,0.276,0.306,0.1,0.127,0.326,0.55,4.816
2027-07-14,H001,monsoon,no,22.34,0.0,0.517,0.19,0.536,0.047,0.174,0.252,0.53,5.127
2027-07-15,H005,monsoon,no,21.12,0.0,0.639,0.406,0.209,0.205,0.252,0.194,0.331,4.834
2027-07-16,H004,monsoon,no,21.21,0.0,0.556,0.371,0.243,0.223,0.235,0.235,0.241,4.486
2027-07-17,H004,monsoon,no,17.74,0.0,0.516,0.325,0.15,0.238,0.167,0.306,0.434,4.614
2027-07-18,H002,monsoon,no,22.52,0.0,0.481,0.312,0.495,0.224,0.017,0.333,0.337,5.168
2027-07-19,H001,monsoon,no,23.69,0.0,0.438,0.397,0.456,0.306,0.153,0.238,0.398,3.986
2027-07-20,H002,monsoon,no,18.85,0.0,0.475,0.385,0.224,0.26,0.166,0.176,0.38,4.612
2027-07-21,H003,monsoon,no,20.68,0.0,0.557,0.381,0.254,0.394,0.137,0.277,0.359,5.048
2027-07-22,H002,monsoon,no,19.69,0.0,0.609,0.332,0.167,0.428,0.171,0.288,0.453,4.971
2027-07-23,H001,monsoon,no,20.07,0.0,0.516,0.276,0.383,0.039,0.257,0.349,0.457,4.745
2027-07-24,H001,monsoon,no,22.11,0.0,0.644,0.354,0.438,0.004,0.197,0.196,0.298,4.499
2027-07-25,H004,monsoon,no,17.83,0.0,0.507,0.357,0.311,0.179,0.269,0.197,0.258,5.387
2027-07-26,H004,monsoon,no,23.23,0.0,0.536,0.287,0.451,0.22,0.094,0.31,0.1,4.422
2027-07-27,H001,monsoon,no,23.51,0.0,0.485,0.275,0.219,0.174,0.179,0.217,0.315,3.956
2027-07-28,H004,monsoon,no,21.5,0.0,0.609,0.379,0.25,0.236,0.064,0.214,0.241,4.67
2027-07-29,H005,monsoon,no,17.04,0.0,0.676,0.416,0.209,0.158,0.17,0.35,0.392,4.969
2027-07-30,H005,monsoon,no,20.01,0.0,0.444,0.248,0.261,0.124,0.127,0.14,0.316,3.891
2027-07-31,H001,monsoon,no,24.47,0.0,0.529,0.282,0.424,0.137,0.29,0.414,0.327,5.182
2027-08-01,H003,monsoon,no,11.94,0.0,0.626,0.325,0.1,0.164,0.229,0.201,0.431,4.875
2027-08-02,H001,monsoon,no,16.8,0.0,0.463,0.334,0.238,0.247,0.271,0.319,0.39,5.267
2027-08-03,H001,monsoon,no,15.14,0.0,0.584,0.263,0.132,0.141,0.17,0.241,0.338,4.474
2027-08-04,H005,monsoon,no,19.11,0.0,0.623,0.432,0.294,0.157,0.129,0.272,0.519,4.927
2027-08-05,H005,monsoon,no,16.15,0.0,0.555,0.33,0.1,0.226,0.126,0.229,0.424,4.737
2027-08-06,H002,monsoon,no,18.31,0.0,0.583,0.337,0.236,0.164,0.219,0.319,0.308,4.7
2027-08-07,H003,monsoon,no,18.63,0.0,0.656,0.423,0.128,0.269,0.327,0.222,0.313,5.378
2027-08-08,H001,monsoon,no,21.17,0.0,0.667,0.269,0.327,0.106,0.229,0.204,0.429,5.116
2027-08-09,H005,monsoon,no,17.09,0.0,0.546,0.294,0.1,0.089,0.174,0.395,0.37,4.656
2027-08-10,H003,monsoon,no,18.25,0.0,0.518,0.212,0.1,0.204,0.187,0.252,0.238,3.998
2027-08-11,H002,monsoon,no,14.53,0.0,0.495,0.288,0.1,0.212,0.198,0.196,0.439,3.949
2027-08-12,H005,monsoon,no,19.88,0.0,0.609,0.196,0.475,0.111,0.342,0.131,0.476,5.131
2027-08-13,H001,monsoon,no,15.98,0.0,0.468,0.352,0.1,0.287,0.286,0.399,0.468,5.455
2027-08-14,H002,monsoon,no,16.38,0.0,0.535,0.329,0.1,0.334,0.218,0.206,0.504,4.688
2027-08-15,H004,monsoon,no,17.46,0.0,0.556,0.281,0.206,0.13,0.208,0.415,0.557,5.301
2027-08-16,H003,monsoon,no,14.37,0.0,0.52,0.293,0.207,0.299,0.221,0.282,0.523,4.718
2027-08-17,H004,monsoon,no,17.96,0.0,0.567,0.353,0.224,0.0,0.235,0.261,0.384,4.762
2027-08-18,H002,monsoon,no,19.43,0.0,0.704,0.22,0.324,0.266,0.171,0.264,0.329,4.935
2027-08-19,H004,monsoon,no,18.09,0.0,0.543,0.314,0.186,0.111,0.141,0.427,0.167,5.573
2027-08-20,H003,monsoon,no,14.32,0.0,0.524,0.349,0.1,0.258,0.272,0.075,0.351,4.23
2027-08-21,H001,monsoon,no,17.25,0.0,0.611,0.175,0.187,0.103,0.202,0.267,0.402,5.288
2027-08-22,H002,monsoon,no,18.98,0.0,0.564,0.348,0.197,0.175,0.266,0.229,0.354,5.536
2027-08-23,H002,monsoon,no,13.74,0.0,0.636,0.183,0.1,0.115,0.315,0.233,0.161,4.385
2027-08-24,H003,monsoon,no,15.35,0.0,0.56,0.292,0.1,0.163,0.236,0.262,0.321,4.408
2027-08-25,H003,monsoon,no,19.25,0.0,0.535,0.219,0.331,0.326,0.225,0.229,0.415,4.851
2027-08-26,H003,monsoon,no,18.04,0.0,0.443,0.4,0.215,0.171,0.424,0.265,0.247,4.671
2027-08-27,H001,monsoon,no,18.32,0.0,0.453,0.219,0.206,0.349,0.214,0.248,0.367,4.958
2027-08-28,H005,monsoon,no,21.22,0.0,0.44,0.184,0.207,0.149,0.124,0.145,0.393,4.036
2027-08-29,H004,monsoon,no,18.44,0.0,0.573,0.309,0.149,0.299,0.18,0.281,0.462,5.075
2027-08-30,H004,monsoon,no,18.82,0.0,0.468,0.271,0.339,0.05,0.309,0.307,0.521,4.637
2027-08-31,H002,monsoon,no,22.92,0.0,0.625,0.195,0.39,0.157,0.109,0.207,0.312,3.864
2027-09-01,H004,monsoon,no,13.78,0.0,0.552,0.337,0.1,0.137,0.147,0.399,0.368,4.845
2027-09-02,H002,monsoon,no,12.61,0.0,0.535,0.161,0.1,0.303,0.277,0.357,0.372,5.029
2027-09-03,H003,monsoon,no,15.06,0.0,0.499,0.227,0.1,0.195,0.181,0.318,0.415,4.179
2027-09-04,H002,monsoon,no,15.08,0.0,0.587,0.26,0.1,0.013,0.192,0.317,0.404,5.007
2027-09-05,H002,monsoon,no,13.15,0.0,0.502,0.356,0.1,0.075,0.275,0.252,0.493,4.266
2027-09-06,H004,monsoon,no,12.14,0.0,0.491,0.391,0.1,0.099,0.15,0.341,0.117,4.143
2027-09-07,H002,monsoon,no,18.83,0.0,0.621,0.377,0.269,0.255,0.097,0.376,0.392,4.929
2027-09-08,H004,monsoon,no,14.86,0.0,0.571,0.289,0.1,0.244,0.103,0.315,0.399,4.548
2027-09-09,H003,monsoon,no,12.74,0.0,0.536,0.13,0.1,0.156,0.241,0.204,0.326,4.129
2027-09-10,H005,monsoon,no,16.04,0.0,0.588,0.327,0.174,0.136,0.218,0.247,0.124,4.254
2027-09-11,H001,monsoon,no,13.99,0.0,0.551,0.403,0.1,0.237,0.152,0.296,0.344,4.795
2027-09-12,H005,monsoon,no,13.7,0.0,0.573,0.386,0.1,0.09,0.119,0.317,0.279,4.624
2027-09-13,H001,monsoon,no,15.33,0.0,0.501,0.332,0.255,0.217,0.181,0.244,0.518,5.205
2027-09-14,H003,monsoon,no,11.62,0.0,0.674,0.217,0.1,0.21,0.278,0.205,0.388,4.354
2027-09-15,H002,monsoon,no,14.91,0.0,0.515,0.263,0.173,0.158,0.141,0.377,0.27,5.183
2027-09-16,H004,monsoon,no,18.03,0.0,0.643,0.435,0.119,0.212,0.154,0.164,0.145,4.108
2027-09-17,H001,monsoon,no,15.14,0.0,0.539,0.201,0.148,0.188,0.117,0.175,0.409,4.257
2027-09-18,H002,monsoon,no,13.45,0.0,0.598,0.22,0.1,0.22,0.174,0.144,0.42,4.842
2027-09-19,H002,monsoon,no,13.19,0.0,0.594,0.366,0.1,0.073,0.224,0.175,0.328,4.504
2027-09-20,H005,monsoon,no,13.39,0.0,0.619,0.27,0.1,0.229,0.348,0.35,0.41,5.379
2027-09-21,H003,monsoon,no,13.7,0.0,0.5,0.217,0.1,0.262,0.215,0.352,0.315,4.668
2027-09-22,H001,monsoon,no,13.45,0.0,0.615,0.407,0.1,0.206,0.196,0.244,0.457,4.641
2027-09-23,H004,monsoon,no,16.04,0.0,0.661,0.332,0.174,0.228,0.26,0.29,0.449,5.428
2027-09-24,H002,monsoon,no,10.74,0.0,0.534,0.273,0.1,0.171,0.249,0.249,0.186,3.858
2027-09-25,H002,monsoon,no,15.93,0.0,0.552,0.22,0.135,0.251,0.16,0.155,0.21,4.259
2027-09-26,H003,monsoon,no,13.45,0.0,0.519,0.443,0.1,0.185,0.361,0.427,0.553,5.716
2027-09-27,H004,monsoon,no,14.96,0.0,0.529,0.298,0.1,0.088,0.198,0.36,0.443,4.761
2027-09-28,H005,monsoon,no,11.95,0.0,0.653,0.398,0.1,0.246,0.217,0.278,0.224,4.764
2027-09-29,H001,monsoon,no,16.86,0.0,0.49,0.363,0.158,0.049,0.239,0.182,0.193,4.001
2027-09-30,H005,monsoon,no,16.7,0.0,0.493,0.264,0.118,0.203,0.224,0.232,0.371,4.256
2027-10-01,H005,post_monsoon,yes,14.92,0.0,0.647,0.264,0.1,0.149,0.307,0.195,0.236,5.002
2027-10-02,H002,post_monsoon,yes,9.97,0.0,0.587,0.401,0.1,0.144,0.159,0.258,0.318,5.107
2027-10-03,H003,post_monsoon,yes,14.66,0.0,0.677,0.402,0.1,0.194,0.255,0.275,0.345,5.072
2027-10-04,H002,post_monsoon,yes,13.81,0.0,0.523,0.169,0.1,0.123,0.212,0.223,0.341,4.011
2027-10-05,H003,post_monsoon,yes,9.79,0.0,0.558,0.338,0.1,0.221,0.269,0.134,0.463,5.292
2027-10-06,H004,post_monsoon,yes,12.95,0.0,0.51,0.292,0.1,0.185,0.185,0.421,0.533,4.747
2027-10-07,H004,post_monsoon,yes,13.73,0.0,0.559,0.228,0.1,0.131,0.175,0.269,0.302,4.541
2027-10-08,H003,post_monsoon,yes,14.11,0.0,0.444,0.318,0.1,0.287,0.251,0.287,0.237,5.14
2027-10-09,H003,post_monsoon,yes,13.35,0.0,0.591,0.206,0.1,0.196,0.225,0.216,0.389,5.162
2027-10-10,H003,post_monsoon,yes,13.58,0.0,0.569,0.267,0.1,0.23,0.143,0.125,0.513,4.684
2027-10-11,H003,post_monsoon,yes,15.95,0.0,0.547,0.244,0.248,0.293,0.294,0.243,0.31,4.609
2027-10-12,H001,post_monsoon,yes,15.45,0.0,0.527,0.265,0.1,0.292,0.251,0.224,0.435,5.482
2027-10-13,H002,post_monsoon,yes,7.27,0.0,0.496,0.295,0.1,0.226,0.195,0.307,0.266,4.252
2027-10-14,H004,post_monsoon,yes,12.37,0.0,0.594,0.229,0.1,0.156,0.167,0.322,0.352,4.455
2027-10-15,H005,post_monsoon,yes,12.67,0.0,0.48,0.41,0.1,0.066,0.225,0.311,0.234,4.638
2027-10-16,H005,post_monsoon,yes,9.5,0.0,0.581,0.335,0.1,0.197,0.246,0.329,0.351,5.182
2027-10-17,H005,post_monsoon,yes,13.19,0.0,0.674,0.426,0.1,0.268,0.088,0.394,0.338,5.676
2027-10-18,H004,post_monsoon,yes,15.5,0.0,0.639,0.289,0.204,0.208,0.226,0.281,0.411,4.525
2027-10-19,H003,post_monsoon,yes,10.83,0.0,0.46,0.262,0.1,0.0,0.246,0.338,0.528,4.511
2027-10-20,H004,post_monsoon,yes,13.67,0.0,0.518,0.423,0.115,0.25,0.035,0.29,0.311,4.901
2027-10-21,H005,post_monsoon,yes,11.17,0.0,0.575,0.26,0.1,0.255,0.214,0.098,0.15,4.552
2027-10-22,H002,post_monsoon,yes,11.66,0.0,0.546,0.288,0.1,0.156,0.249,0.238,0.33,4.398
2027-10-23,H001,post_monsoon,yes,15.95,0.0,0.466,0.35,0.1,0.259,0.241,0.181,0.38,4.656
2027-10-24,H002,post_monsoon,yes,11.91,0.0,0.573,0.213,0.1,0.23,0.256,0.269,0.37,5.177
2027-10-25,H003,post_monsoon,yes,13.92,0.0,0.549,0.35,0.1,0.125,0.177,0.187,0.334,4.012
2027-10-26,H004,post_monsoon,yes,9.26,0.0,0.665,0.341,0.1,0.282,0.127,0.298,0.499,5.552
2027-10-27,H003,post_monsoon,yes,16.72,0.0,0.535,0.389,0.166,0.079,0.074,0.328,0.364,4.683
2027-10-28,H005,post_monsoon,yes,14.21,0.0,0.62,0.362,0.1,0.175,0.276,0.346,0.34,4.767
2027-10-29,H002,post_monsoon,yes,12.64,0.0,0.474,0.391,0.1,0.167,0.249,0.38,0.272,4.422
2027-10-30,H003,post_monsoon,yes,14.15,0.0,0.488,0.292,0.1,0.114,0.282,0.116,0.175,4.302
2027-10-31,H005,post_monsoon,yes,10.18,0.0,0.593,0.24,0.1,0.204,0.149,0.154,0.383,4.287
2027-11-01,H001,post_monsoon,yes,16.57,0.0,0.615,0.448,0.1,0.285,0.256,0.484,0.375,5.642
2027-11-02,H005,post_monsoon,yes,13.56,0.0,0.493,0.193,0.119,0.28,0.095,0.331,0.244,4.21
2027-11-03,H001,post_monsoon,yes,13.8,0.0,0.551,0.2,0.1,0.238,0.139,0.268,0.346,4.694
2027-11-04,H005,post_monsoon,yes,13.22,0.0,0.467,0.34,0.1,0.044,0.209,0.253,0.336,4.566
2027-11-05,H002,post_monsoon,yes,13.04,0.0,0.539,0.414,0.1,0.073,0.246,0.245,0.288,4.918
2027-11-06,H004,post_monsoon,yes,15.6,0.0,0.6,0.313,0.108,0.193,0.318,0.095,0.271,5.008
2027-11-07,H004,post_monsoon,yes,14.72,0.0,0.524,0.37,0.1,0.177,0.183,0.188,0.391,5.343
2027-11-08,H002,post_monsoon,yes,15.51,0.0,0.535,0.16,0.1,0.14,0.139,0.241,0.327,4.78
2027-11-09,H003,post_monsoon,yes,14.19,0.0,0.482,0.265,0.142,0.332,0.136,0.193,0.291,4.638
2027-11-10,H004,post_monsoon,yes,15.23,0.0,0.511,0.169,0.106,0.188,0.152,0.203,0.264,4.354
2027-11-11,H005,post_monsoon,yes,13.37,0.0,0.655,0.355,0.1,0.223,0.355,0.455,0.337,5.175
2027-11-12,H001,post_monsoon,yes,18.67,0.0,0.554,0.192,0.265,0.259,0.253,0.23,0.442,4.607
2027-11-13,H003,post_monsoon,yes,11.07,0.0,0.49,0.211,0.1,0.184,0.278,0.272,0.371,5.408
2027-11-14,H005,post_monsoon,yes,16.73,0.0,0.531,0.336,0.1,0.387,0.183,0.269,0.326,5.485
2027-11-15,H003,post_monsoon,yes,16.94,0.0,0.454,0.374,0.1,0.105,0.2,0.297,0.381,4.826
2027-11-16,H001,post_monsoon,yes,12.5,0.0,0.489,0.289,0.1,0.132,0.249,0.212,0.486,4.404
2027-11-17,H001,post_monsoon,yes,18.66,0.0,0.632,0.34,0.1,0.105,0.165,0.35,0.399,5.401
2027-11-18,H005,post_monsoon,yes,16.2,0.0,0.541,0.338,0.1,0.305,0.18,0.285,0.376,4.812
2027-11-19,H003,post_monsoon,yes,16.15,0.0,0.663,0.285,0.146,0.244,0.153,0.147,0.414,4.479
2027-11-20,H004,post_monsoon,yes,14.26,0.0,0.544,0.223,0.187,0.136,0.169,0.241,0.334,4.666
2027-11-21,H005,post_monsoon,yes,13.77,0.0,0.548,0.34,0.1,0.111,0.203,0.236,0.368,5.478
2027-11-22,H001,post_monsoon,yes,13.79,0.0,0.588,0.343,0.1,0.291,0.142,0.233,0.301,4.351
2027-11-23,H003,post_monsoon,yes,14.99,0.0,0.39,0.363,0.212,0.209,0.22,0.291,0.195,4.334
2027-11-24,H001,post_monsoon,yes,17.01,0.0,0.562,0.322,0.1,0.293,0.22,0.301,0.384,5.979
2027-11-25,H005,post_monsoon,yes,14.57,0.0,0.547,0.218,0.1,0.175,0.187,0.291,0.385,4.942
2027-11-26,H003,post_monsoon,yes,12.38,0.0,0.639,0.348,0.1,0.221,0.142,0.277,0.321,4.544
2027-11-27,H005,post_monsoon,yes,15.85,0.0,0.608,0.3,0.1,0.204,0.207,0.257,0.454,4.835
2027-11-28,H002,post_monsoon,yes,16.05,0.0,0.482,0.266,0.188,0.13,0.165,0.078,0.278,3.934
2027-11-29,H001,post_monsoon,yes,15.52,0.0,0.625,0.279,0.1,0.168,0.203,0.312,0.173,4.644
2027-11-30,H005,post_monsoon,yes,15.7,0.0,0.534,0.252,0.173,0.085,0.277,0.289,0.28,4.85
2027-12-01,H004,winter,no,16.96,0.0,0.496,0.362,0.1,0.22,0.112,0.371,0.196,4.889
2027-12-02,H001,winter,no,15.64,0.0,0.562,0.201,0.142,0.241,0.352,0.472,0.384,4.312
2027-12-03,H004,winter,no,15.76,0.0,0.538,0.23,0.1,0.259,0.195,0.502,0.275,4.233
2027-12-04,H003,winter,no,14.23,0.0,0.642,0.277,0.151,0.233,0.229,0.544,0.448,5.494
2027-12-05,H001,winter,no,17.97,0.0,0.57,0.413,0.205,0.17,0.147,0.491,0.446,6.365
2027-12-06,H002,winter,no,17.33,0.0,0.562,0.374,0.283,0.304,0.28,0.476,0.258,5.525
2027-12-07,H004,winter,no,16.62,0.0,0.604,0.185,0.195,0.251,0.191,0.526,0.269,4.993
2027-12-08,H001,winter,no,11.59,0.0,0.616,0.395,0.1,0.291,0.172,0.425,0.403,4.582
2027-12-09,H002,winter,no,15.01,0.0,0.597,0.394,0.153,0.296,0.16,0.483,0.448,4.431
2027-12-10,H002,winter,no,19.74,0.0,0.635,0.218,0.343,0.17,0.181,0.4,0.149,4.695
2027-12-11,H004,winter,no,16.17,0.0,0.587,0.123,0.175,0.211,0.229,0.539,0.378,5.18
2027-12-12,H005,winter,no,18.22,0.0,0.56,0.295,0.1,0.242,0.212,0.321,0.13,4.634
2027-12-13,H004,winter,no,14.72,0.0,0.624,0.379,0.1,0.088,0.197,0.515,0.295,4.643
2027-12-14,H004,winter,no,20.38,0.0,0.545,0.411,0.416,0.09,0.15,0.451,0.459,4.84
2027-12-15,H001,winter,no,17.21,0.0,0.552,0.239,0.1,0.076,0.146,0.527,0.651,4.482
2027-12-16,H005,winter,no,18.08,0.0,0.653,0.423,0.284,0.171,0.168,0.388,0.326,5.49
2027-12-17,H001,winter,no,22.15,0.0,0.647,0.144,0.433,0.153,0.232,0.457,0.225,4.613
2027-12-18,H003,winter,no,20.53,0.0,0.55,0.274,0.253,0.065,0.246,0.455,0.299,4.941
2027-12-19,H005,winter,no,16.89,0.0,0.523,0.271,0.1,0.192,0.256,0.485,0.357,5.093
2027-12-20,H002,winter,no,16.31,0.0,0.638,0.381,0.1,0.172,0.2,0.366,0.283,4.928
2027-12-21,H002,winter,no,16.85,0.0,0.598,0.391,0.33,0.275,0.227,0.501,0.258,4.971
2027-12-22,H001,winter,no,18.52,0.0,0.569,0.367,0.162,0.341,0.188,0.302,0.307,5.144
2027-12-23,H002,winter,no,17.29,0.0,0.531,0.205,0.118,0.217,0.078,0.397,0.39,4.236
2027-12-24,H003,winter,no,16.71,0.0,0.57,0.36,0.1,0.124,0.185,0.325,0.333,4.417
2027-12-25,H003,winter,no,20.43,0.0,0.549,0.336,0.405,0.232,0.174,0.516,0.262,6.062
2027-12-26,H001,winter,no,17.27,0.0,0.51,0.183,0.161,0.181,0.127,0.482,0.283,4.481
2027-12-27,H002,winter,no,22.1,0.0,0.558,0.155,0.324,0.161,0.16,0.486,0.309,4.993
2027-12-28,H001,winter,no,17.68,0.0,0.566,0.373,0.31,0.111,0.209,0.568,0.25,5.378
2027-12-29,H002,winter,no,21.07,0.0,0.527,0.287,0.379,0.143,0.121,0.425,0.279,4.827
2027-12-30,H004,winter,no,18.21,0.0,0.604,0.21,0.145,0.166,0.15,0.499,0.414,4.724
2027-12-31,H001,winter,no,19.43,0.0,0.627,0.285,0.169,0.244,0.308,0.455,0.327,5.798
2028-01-01,H001,winter,no,20.55,0.0,0.608,0.325,0.405,0.221,0.088,0.443,0.175,5.233
2028-01-02,H003,winter,no,20.29,0.0,0.533,0.294,0.303,0.326,0.187,0.555,0.452,5.768
2028-01-03,H003,winter,no,22.92,0.0,0.595,0.191,0.283,0.234,0.118,0.617,0.392,4.992
2028-01-04,H005,winter,no,23.98,0.0,0.555,0.432,0.306,0.214,0.147,0.415,0.212,4.928
2028-01-05,H003,winter,no,22.08,0.0,0.476,0.37,0.284,0.156,0.186,0.517,0.313,5.234
2028-01-06,H005,winter,no,19.43,0.0,0.59,0.277,0.168,0.097,0.131,0.476,0.271,4.454
2028-01-07,H004,winter,no,19.28,0.0,0.559,0.279,0.1,0.134,0.24,0.476,0.418,4.024
2028-01-08,H003,winter,no,19.15,0.0,0.706,0.325,0.168,0.124,0.295,0.47,0.313,5.551
2028-01-09,H002,winter,no,18.46,0.0,0.637,0.221,0.155,0.0,0.259,0.423,0.343,4.519
2028-01-10,H001,winter,no,22.22,0.0,0.593,0.323,0.342,0.099,0.272,0.163,0.331,4.836
2028-01-11,H004,winter,no,24.25,0.0,0.565,0.207,0.595,0.308,0.103,0.573,0.202,5.293
2028-01-12,H005,winter,no,21.97,0.0,0.56,0.295,0.348,0.209,0.183,0.394,0.491,5.395
2028-01-13,H002,winter,no,17.48,0.0,0.49,0.218,0.176,0.15,0.233,0.431,0.416,4.307
2028-01-14,H002,winter,no,21.62,0.0,0.446,0.222,0.395,0.212,0.261,0.432,0.275,4.644
2028-01-15,H001,winter,no,21.67,0.0,0.498,0.415,0.338,0.024,0.323,0.387,0.369,5.111
2028-01-16,H003,winter,no,26.19,0.174,0.547,0.304,0.57,0.203,0.275,0.469,0.447,6.195
2028-01-17,H002,winter,no,19.09,0.0,0.424,0.315,0.276,0.282,0.263,0.446,0.356,5.352
2028-01-18,H001,winter,no,21.22,0.0,0.517,0.159,0.349,0.17,0.384,0.393,0.506,4.491
2028-01-19,H001,winter,no,25.41,0.113,0.535,0.258,0.728,0.038,0.207,0.462,0.642,6.441
2028-01-20,H002,winter,no,22.9,0.0,0.537,0.332,0.479,0.147,0.18,0.447,0.337,5.217
2028-01-21,H003,winter,no,23.13,0.0,0.51,0.314,0.329,0.282,0.212,0.524,0.292,5.061
2028-01-22,H003,winter,no,22.23,0.0,0.53,0.149,0.409,0.201,0.136,0.343,0.251,5.023
2028-01-23,H004,winter,no,22.66,0.0,0.653,0.314,0.333,0.067,0.205,0.386,0.129,5.102
2028-01-24,H003,winter,no,23.56,0.0,0.59,0.326,0.468,0.369,0.079,0.508,0.475,5.395
2028-01-25,H004,winter,no,20.38,0.0,0.516,0.39,0.195,0.08,0.163,0.399,0.315,4.659
2028-01-26,H002,winter,no,23.76,0.0,0.546,0.254,0.352,0.161,0.192,0.378,0.438,5.126
2028-01-27,H002,winter,no,19.25,0.0,0.548,0.143,0.288,0.097,0.266,0.403,0.458,4.402
2028-01-28,H003,winter,no,22.66,0.0,0.504,0.23,0.476,0.097,0.278,0.442,0.242,4.975
2028-01-29,H001,winter,no,22.36,0.0,0.504,0.223,0.425,0.144,0.133,0.442,0.257,4.121
2028-01-30,H004,winter,no,20.77,0.0,0.611,0.352,0.389,0.231,0.345,0.433,0.524,5.234
2028-01-31,H001,winter,no,21.95,0.0,0.525,0.11,0.398,0.283,0.21,0.368,0.343,5.022
2028-02-01,H005,winter,no,25.25,0.007,0.484,0.269,0.514,0.149,0.217,0.512,0.284,4.954
2028-02-02,H005,winter,no,24.36,0.0,0.547,0.4,0.424,0.099,0.087,0.556,0.245,4.684
2028-02-03,H003,winter,no,25.79,0.147,0.557,0.301,0.587,0.218,0.157,0.297,0.336,5.752
2028-02-04,H002,winter,no,24.29,0.0,0.432,0.363,0.544,0.221,0.273,0.326,0.501,5.1
2028-02-05,H002,winter,no,27.15,0.349,0.548,0.185,0.571,0.199,0.212,0.53,0.419,7.097
2028-02-06,H003,winter,no,24.2,0.0,0.602,0.188,0.449,0.202,0.208,0.576,0.368,5.068
2028-02-07,H003,winter,no,27.92,0.314,0.577,0.401,0.734,0.171,0.216,0.28,0.509,6.378
2028-02-08,H001,winter,no,24.14,0.0,0.684,0.307,0.454,0.188,0.099,0.515,0.49,5.674
2028-02-09,H001,winter,no,25.37,0.066,0.625,0.307,0.511,0.165,0.193,0.581,0.383,5.665
2028-02-10,H004,winter,no,25.25,0.103,0.637,0.222,0.539,0.266,0.299,0.381,0.628,6.502
2028-02-11,H001,winter,no,29.15,0.541,0.718,0.307,0.648,0.358,0.276,0.576,0.325,8.624
2028-02-12,H003,winter,no,27.16,0.449,0.595,0.22,0.511,0.194,0.191,0.436,0.46,7.964
2028-02-13,H005,winter,no,26.08,0.249,0.56,0.383,0.563,0.179,0.309,0.475,0.311,7.022
2028-02-14,H001,winter,no,27.5,0.288,0.608,0.491,0.587,0.2,0.112,0.392,0.44,6.932
2028-02-15,H005,winter,no,22.29,0.0,0.516,0.334,0.529,0.127,0.132,0.53,0.325,5.163
2028-02-16,H003,winter,no,26.41,0.214,0.556,0.256,0.61,0.241,0.33,0.517,0.396,6.557
2028-02-17,H003,winter,no,30.5,0.62,0.511,0.123,0.662,0.215,0.24,0.588,0.589,8.324
2028-02-18,H004,winter,no,26.76,0.314,0.574,0.182,0.619,0.146,0.18,0.565,0.445,7.24
2028-02-19,H004,winter,no,26.64,0.233,0.511,0.409,0.58,0.252,0.196,0.449,0.398,7.545
2028-02-20,H003,winter,no,27.6,0.345,0.509,0.228,0.699,0.182,0.144,0.699,0.273,8.153
2028-02-21,H001,winter,no,28.29,0.466,0.575,0.274,0.58,0.102,0.219,0.558,0.369,7.495
2028-02-22,H005,winter,no,22.51,0.0,0.542,0.346,0.405,0.208,0.214,0.493,0.249,4.851
2028-02-23,H001,winter,no,23.14,0.0,0.434,0.404,0.407,0.199,0.201,0.37,0.439,4.818
2028-02-24,H005,winter,no,26.92,0.231,0.463,0.286,0.572,0.257,0.119,0.328,0.436,6.125
2028-02-25,H003,winter,no,25.07,0.129,0.481,0.272,0.422,0.247,0.219,0.334,0.332,5.501
2028-02-26,H003,winter,no,29.12,0.593,0.497,0.305,0.701,0.171,0.163,0.375,0.516,8.303
2028-02-27,H004,winter,no,25.87,0.083,0.575,0.256,0.558,0.142,0.131,0.56,0.502,5.645
2028-02-28,H005,winter,no,22.63,0.0,0.563,0.26,0.498,0.18,0.289,0.489,0.365,5.33
2028-02-29,H001,winter,no,23.96,0.0,0.614,0.329,0.448,0.209,0.352,0.401,0.407,4.184
2028-03-01,H005,summer,no,24.29,0.0,0.595,0.313,0.429,0.219,0.336,0.239,0.291,4.957
2028-03-02,H004,summer,no,29.33,0.432,0.614,0.449,0.726,0.204,0.246,0.229,0.323,7.242
2028-03-03,H002,summer,no,29.42,0.429,0.587,0.331,0.603,0.173,0.181,0.314,0.242,7.44
2028-03-04,H003,summer,no,28.95,0.422,0.563,0.381,0.735,0.26,0.195,0.18,0.302,8.029
2028-03-05,H004,summer,no,31.95,0.792,0.616,0.225,0.855,0.126,0.228,0.278,0.34,9.965
2028-03-06,H001,summer,no,32.19,0.847,0.605,0.337,0.878,0.378,0.171,0.274,0.184,9.656
2028-03-07,H003,summer,no,29.45,0.607,0.573,0.249,0.698,0.241,0.292,0.182,0.408,7.866
2028-03-08,H004,summer,no,25.52,0.052,0.626,0.328,0.472,0.09,0.057,0.377,0.452,4.929
2028-03-09,H003,summer,no,31.03,0.769,0.409,0.348,0.74,0.195,0.179,0.226,0.349,8.927
2028-03-10,H003,summer,no,30.9,0.64,0.533,0.303,0.757,0.242,0.256,0.171,0.08,7.541
2028-03-11,H003,summer,no,30.41,0.64,0.532,0.469,0.662,0.152,0.141,0.318,0.325,9.221
2028-03-12,H003,summer,no,31.76,0.892,0.619,0.4,0.867,0.06,0.183,0.254,0.211,9.874
2028-03-13,H005,summer,no,27.46,0.356,0.644,0.382,0.635,0.097,0.242,0.283,0.289,7.112
2028-03-14,H005,summer,no,33.81,1.044,0.463,0.354,0.771,0.223,0.306,0.155,0.495,9.918
2028-03-15,H005,summer,no,27.88,0.372,0.635,0.423,0.756,0.04,0.109,0.315,0.107,6.501
2028-03-16,H001,summer,no,31.29,0.962,0.48,0.199,0.749,0.064,0.104,0.424,0.268,9.007
2028-03-17,H002,summer,no,26.42,0.176,0.482,0.396,0.459,0.223,0.134,0.149,0.433,5.979
2028-03-18,H005,summer,no,27.93,0.311,0.536,0.231,0.541,0.162,0.092,0.278,0.28,6.485
2028-03-19,H004,summer,no,32.83,0.964,0.531,0.26,0.922,0.124,0.097,0.187,0.272,10.299
2028-03-20,H002,summer,no,29.27,0.541,0.456,0.339,0.807,0.14,0.132,0.465,0.553,8.27
2028-03-21,H004,summer,no,31.47,0.797,0.589,0.386,0.83,0.062,0.286,0.349,0.388,9.679
2028-03-22,H003,summer,no,30.27,0.656,0.591,0.219,0.806,0.219,0.178,0.273,0.443,8.511
2028-03-23,H005,summer,no,29.58,0.458,0.613,0.264,0.771,0.115,0.202,0.152,0.399,7.261
2028-03-24,H003,summer,no,32.52,0.863,0.524,0.307,0.835,0.137,0.133,0.171,0.366,9.28
2028-03-25,H003,summer,no,29.32,0.528,0.548,0.287,0.689,0.208,0.244,0.31,0.476,8.512
2028-03-26,H004,summer,no,26.23,0.141,0.548,0.36,0.582,0.159,0.331,0.141,0.541,6.386
2028-03-27,H001,summer,no,28.19,0.353,0.651,0.541,0.676,0.124,0.138,0.144,0.182,7.738
2028-03-28,H004,summer,no,30.9,0.723,0.38,0.329,0.667,0.021,0.321,0.251,0.346,8.996
2028-03-29,H002,summer,no,30.59,0.703,0.493,0.249,0.772,0.209,0.226,0.261,0.346,8.033
2028-03-30,H001,summer,no,26.66,0.279,0.55,0.209,0.673,0.186,0.201,0.28,0.307,6.327
2028-03-31,H001,summer,no,28.35,0.41,0.485,0.277,0.607,0.139,0.228,0.215,0.448,6.811
2028-04-01,H001,summer,no,29.84,0.636,0.535,0.234,0.658,0.097,0.227,0.324,0.376,8.993
2028-04-02,H001,summer,no,30.27,0.615,0.542,0.333,0.739,0.181,0.33,0.181,0.543,8.737
2028-04-03,H001,summer,no,28.25,0.452,0.511,0.332,0.568,0.218,0.236,0.3,0.46,7.631
2028-04-04,H002,summer,no,29.74,0.623,0.554,0.268,0.574,0.188,0.238,0.267,0.486,7.436
2028-04-05,H005,summer,no,29.54,0.637,0.588,0.439,0.764,0.311,0.17,0.298,0.23,8.136
2028-04-06,H001,summer,no,32.54,1.0,0.536,0.249,0.756,0.236,0.259,0.345,0.269,11.036
2028-04-07,H004,summer,no,32.62,0.999,0.523,0.292,0.796,0.171,0.133,0.214,0.278,9.968
2028-04-08,H005,summer,no,30.71,0.706,0.54,0.345,0.67,0.239,0.208,0.197,0.482,8.775
2028-04-09,H005,summer,no,30.22,0.672,0.55,0.362,0.801,0.184,0.402,0.115,0.253,9.032
2028-04-10,H002,summer,no,31.28,0.87,0.446,0.389,0.809,0.184,0.025,0.088,0.256,8.636
2028-04-11,H001,summer,no,29.37,0.494,0.578,0.33,0.645,0.284,0.216,0.236,0.238,7.506
2028-04-12,H002,summer,no,28.71,0.413,0.523,0.374,0.544,0.108,0.219,0.241,0.625,6.702
2028-04-13,H004,summer,no,29.12,0.529,0.626,0.253,0.627,0.182,0.184,0.163,0.336,7.272
2028-04-14,H004,summer,no,29.73,0.625,0.585,0.364,0.725,0.275,0.186,0.18,0.403,8.29
2028-04-15,H001,summer,no,28.67,0.393,0.62,0.363,0.652,0.205,0.206,0.372,0.236,8.025
2028-04-16,H002,summer,no,31.32,0.785,0.489,0.406,0.752,0.15,0.182,0.32,0.446,9.775
2028-04-17,H004,summer,no,32.46,0.925,0.528,0.183,0.805,0.044,0.216,0.149,0.173,9.418
2028-04-18,H004,summer,no,27.83,0.176,0.475,0.236,0.664,0.0,0.166,0.215,0.252,5.319
2028-04-19,H002,summer,no,31.05,0.739,0.508,0.358,0.729,0.346,0.342,0.282,0.277,9.504
2028-04-20,H005,summer,no,30.56,0.682,0.625,0.114,0.748,0.205,0.182,0.2,0.372,8.12
2028-04-21,H005,summer,no,31.68,0.823,0.639,0.334,0.678,0.133,0.24,0.185,0.271,8.892
2028-04-22,H002,summer,no,30.97,0.86,0.481,0.374,0.933,0.208,0.153,0.223,0.502,10.262
2028-04-23,H003,summer,no,28.09,0.289,0.523,0.26,0.591,0.104,0.265,0.337,0.4,6.744
2028-04-24,H003,summer,no,28.48,0.368,0.545,0.27,0.645,0.154,0.251,0.345,0.281,6.932
2028-04-25,H004,summer,no,31.06,0.548,0.585,0.225,0.778,0.105,0.229,0.191,0.45,7.784
2028-04-26,H002,summer,no,33.06,0.969,0.444,0.263,0.779,0.067,0.128,0.287,0.311,10.074
2028-04-27,H002,summer,no,26.57,0.165,0.454,0.266,0.553,0.012,0.147,0.249,0.291,5.685
2028-04-28,H003,summer,no,31.69,0.796,0.579,0.252,0.757,0.052,0.318,0.169,0.44,8.847
2028-04-29,H002,summer,no,33.38,1.136,0.433,0.248,0.752,0.262,0.147,0.226,0.105,10.139
2028-04-30,H003,summer,no,30.69,0.781,0.523,0.281,0.753,0.101,0.245,0.149,0.423,8.979
2028-05-01,H005,summer,no,30.89,0.743,0.56,0.28,0.594,0.223,0.134,0.343,0.279,8.416
2028-05-02,H002,summer,no,28.39,0.394,0.575,0.431,0.766,0.257,0.271,0.374,0.279,7.925
2028-05-03,H005,summer,no,29.56,0.652,0.541,0.272,0.736,0.181,0.152,0.217,0.546,8.774
2028-05-04,H003,summer,no,26.55,0.192,0.528,0.324,0.603,0.156,0.133,0.198,0.297,5.34
2028-05-05,H001,summer,no,25.11,0.0,0.601,0.26,0.355,0.191,0.15,0.334,0.446,4.623
2028-05-06,H003,summer,no,31.68,0.698,0.567,0.259,0.694,0.147,0.161,0.347,0.378,8.473
2028-05-07,H003,summer,no,27.82,0.318,0.511,0.181,0.714,0.276,0.228,0.161,0.388,6.996
2028-05-08,H001,summer,no,28.88,0.546,0.552,0.19,0.977,0.33,0.205,0.238,0.325,8.203
2028-05-09,H003,summer,no,27.02,0.435,0.573,0.216,0.666,0.296,0.123,0.245,0.32,7.482
2028-05-10,H001,summer,no,26.97,0.252,0.653,0.313,0.652,0.008,0.198,0.188,0.503,6.442
2028-05-11,H004,summer,no,29.45,0.495,0.597,0.375,0.71,0.145,0.12,0.281,0.443,7.939
2028-05-12,H003,summer,no,28.34,0.322,0.623,0.175,0.556,0.18,0.245,0.194,0.3,5.877
2028-05-13,H002,summer,no,30.55,0.738,0.513,0.262,0.792,0.217,0.258,0.207,0.245,8.894
2028-05-14,H001,summer,no,30.7,0.571,0.519,0.204,0.63,0.042,0.198,0.242,0.292,8.144
2028-05-15,H003,summer,no,30.44,0.724,0.536,0.282,0.611,0.041,0.219,0.131,0.448,8.132
2028-05-16,H004,summer,no,30.27,0.724,0.541,0.375,0.599,0.285,0.323,0.085,0.468,8.269
2028-05-17,H003,summer,no,32.95,1.029,0.49,0.269,0.886,0.135,0.189,0.323,0.405,10.728
2028-05-18,H005,summer,no,27.66,0.315,0.626,0.297,0.592,0.061,0.134,0.191,0.188,5.943
2028-05-19,H001,summer,no,29.68,0.631,0.603,0.402,0.685,0.092,0.241,0.421,0.425,9.048
2028-05-20,H004,summer,no,32.06,0.896,0.532,0.332,0.771,0.211,0.121,0.408,0.48,10.339
2028-05-21,H003,summer,no,32.32,0.853,0.589,0.247,0.693,0.114,0.185,0.209,0.367,9.451
2028-05-22,H002,summer,no,26.95,0.392,0.563,0.311,0.514,0.199,0.158,0.437,0.548,7.801
2028-05-23,H002,summer,no,29.17,0.493,0.593,0.242,0.607,0.102,0.151,0.325,0.218,6.804
2028-05-24,H003,summer,no,32.51,1.001,0.469,0.329,0.678,0.04,0.182,0.198,0.418,10.284
2028-05-25,H001,summer,no,30.81,0.533,0.541,0.336,0.682,0.294,0.263,0.043,0.248,7.372
2028-05-26,H004,summer,no,30.18,0.75,0.547,0.204,0.611,0.212,0.277,0.305,0.456,9.019
2028-05-27,H003,summer,no,29.36,0.662,0.587,0.312,0.711,0.153,0.265,0.253,0.411,9.004
2028-05-28,H004,summer,no,29.03,0.506,0.512,0.292,0.704,0.138,0.224,0.285,0.53,7.98
2028-05-29,H003,summer,no,30.37,0.716,0.4,0.338,0.601,0.297,0.182,0.232,0.4,8.309
2028-05-30,H005,summer,no,29.29,0.581,0.485,0.358,0.638,0.227,0.035,0.158,0.31,7.472
2028-05-31,H001,summer,no,29.71,0.537,0.546,0.333,0.827,0.272,0.226,0.216,0.301,7.676
2028-06-01,H003,summer,no,26.66,0.251,0.554,0.279,0.478,0.133,0.04,0.307,0.325,6.561
2028-06-02,H003,summer,no,25.14,0.0,0.651,0.365,0.53,0.184,0.065,0.222,0.299,4.683
2028-06-03,H002,summer,no,27.56,0.272,0.585,0.239,0.601,0.212,0.189,0.221,0.485,7.199
2028-06-04,H004,summer,no,32.33,1.006,0.555,0.208,0.871,0.136,0.219,0.128,0.478,10.858
2028-06-05,H002,summer,no,22.95,0.0,0.548,0.1,0.431,0.172,0.168,0.257,0.2,4.497
2028-06-06,H004,summer,no,27.15,0.212,0.616,0.295,0.541,0.133,0.307,0.161,0.354,5.939
2028-06-07,H005,summer,no,24.98,0.0,0.515,0.242,0.495,0.212,0.232,0.323,0.356,5.014
2028-06-08,H005,summer,no,27.65,0.28,0.542,0.328,0.603,0.074,0.183,0.191,0.272,6.271
2028-06-09,H004,summer,no,26.59,0.258,0.485,0.162,0.546,0.226,0.297,0.226,0.394,6.194
2028-06-10,H004,summer,no,28.02,0.298,0.635,0.255,0.505,0.205,0.31,0.423,0.496,6.793
2028-06-11,H005,summer,no,28.85,0.51,0.574,0.333,0.743,0.164,0.236,0.225,0.439,7.557
2028-06-12,H005,summer,no,26.88,0.295,0.508,0.228,0.651,0.216,0.146,0.215,0.485,6.98
2028-06-13,H004,summer,no,28.76,0.463,0.543,0.329,0.557,0.151,0.161,0.297,0.278,6.259
2028-06-14,H005,summer,no,21.81,0.0,0.581,0.261,0.338,0.126,0.099,0.107,0.354,4.326
2028-06-15,H005,summer,no,29.68,0.561,0.535,0.298,0.659,0.223,0.197,0.35,0.273,7.883
2028-06-16,H001,summer,no,27.25,0.264,0.518,0.342,0.487,0.227,0.126,0.33,0.374,6.349
2028-06-17,H003,summer,no,28.66,0.379,0.511,0.367,0.487,0.139,0.177,0.292,0.383,6.725
2028-06-18,H002,summer,no,24.06,0.0,0.57,0.306,0.399,0.133,0.218,0.0,0.446,4.923
2028-06-19,H005,summer,no,24.84,0.0,0.529,0.243,0.455,0.165,0.061,0.229,0.481,4.703
2028-06-20,H004,summer,no,26.79,0.252,0.523,0.268,0.446,0.136,0.112,0.148,0.419,6.701
2028-06-21,H005,summer,no,26.47,0.178,0.47,0.345,0.563,0.302,0.165,0.34,0.264,5.992
2028-06-22,H002,summer,no,27.07,0.174,0.555,0.229,0.666,0.205,0.196,0.334,0.215,6.352
2028-06-23,H005,summer,no,28.67,0.41,0.539,0.288,0.704,0.181,0.165,0.281,0.402,6.663
2028-06-24,H001,summer,no,22.97,0.0,0.531,0.273,0.399,0.105,0.181,0.154,0.5,5.271
2028-06-25,H005,summer,no,28.45,0.447,0.562,0.293,0.481,0.239,0.151,0.37,0.348,7.711
2028-06-26,H002,summer,no,26.52,0.109,0.595,0.229,0.608,0.131,0.099,0.229,0.197,5.236
2028-06-27,H003,summer,no,26.09,0.161,0.592,0.17,0.545,0.128,0.163,0.394,0.558,6.04
2028-06-28,H004,summer,no,23.56,0.0,0.583,0.336,0.466,0.242,0.185,0.271,0.399,5.651
2028-06-29,H004,summer,no,27.51,0.59,0.536,0.367,0.745,0.211,0.178,0.291,0.367,8.344
2028-06-30,H002,summer,no,21.67,0.0,0.516,0.175,0.291,0.0,0.208,0.213,0.233,3.74
2028-07-01,H003,monsoon,no,23.3,0.0,0.487,0.326,0.192,0.167,0.229,0.363,0.352,4.762
2028-07-02,H003,monsoon,no,19.02,0.0,0.514,0.376,0.166,0.19,0.248,0.299,0.419,5.348
2028-07-03,H004,monsoon,no,22.11,0.0,0.551,0.342,0.413,0.153,0.156,0.365,0.4,5.094
2028-07-04,H002,monsoon,no,21.76,0.0,0.503,0.271,0.363,0.193,0.09,0.264,0.282,3.907
2028-07-05,H004,monsoon,no,24.34,0.077,0.556,0.234,0.366,0.035,0.289,0.246,0.344,5.094
2028-07-06,H004,monsoon,no,21.64,0.0,0.492,0.306,0.242,0.0,0.227,0.298,0.288,3.895
2028-07-07,H004,monsoon,no,20.61,0.0,0.45,0.317,0.286,0.102,0.133,0.365,0.516,4.798
2028-07-08,H005,monsoon,no,20.99,0.0,0.599,0.307,0.23,0.203,0.219,0.331,0.439,4.944
2028-07-09,H003,monsoon,no,24.55,0.06,0.522,0.287,0.513,0.0,0.275,0.261,0.298,5.179
2028-07-10,H003,monsoon,no,23.07,0.0,0.5,0.224,0.38,0.113,0.321,0.101,0.233,4.09
2028-07-11,H004,monsoon,no,21.23,0.0,0.484,0.33,0.289,0.026,0.218,0.315,0.378,5.018
2028-07-12,H004,monsoon,no,21.53,0.0,0.575,0.333,0.29,0.161,0.274,0.135,0.301,4.66
2028-07-13,H005,monsoon,no,18.87,0.0,0.632,0.314,0.266,0.337,0.115,0.253,0.308,5.225
2028-07-14,H003,monsoon,no,22.78,0.0,0.526,0.308,0.404,0.163,0.197,0.241,0.236,5.583
2028-07-15,H004,monsoon,no,18.48,0.0,0.537,0.418,0.245,0.171,0.177,0.137,0.249,4.724
2028-07-16,H001,monsoon,no,23.5,0.0,0.614,0.256,0.445,0.247,0.224,0.28,0.366,5.89
2028-07-17,H003,monsoon,no,22.26,0.0,0.441,0.39,0.375,0.182,0.313,0.422,0.323,4.794
2028-07-18,H002,monsoon,no,26.77,0.115,0.668,0.249,0.478,0.163,0.217,0.225,0.6,6.157
2028-07-19,H005,monsoon,no,19.8,0.0,0.697,0.378,0.224,0.254,0.134,0.311,0.409,4.7
2028-07-20,H001,monsoon,no,21.79,0.0,0.388,0.386,0.33,0.218,0.112,0.438,0.235,4.65
2028-07-21,H004,monsoon,no,25.6,0.0,0.544,0.279,0.679,0.203,0.315,0.319,0.196,5.355
2028-07-22,H005,monsoon,no,24.38,0.0,0.507,0.416,0.357,0.169,0.236,0.198,0.39,5.346
2028-07-23,H003,monsoon,no,20.61,0.0,0.534,0.333,0.281,0.152,0.231,0.269,0.31,4.507
2028-07-24,H004,monsoon,no,22.45,0.0,0.525,0.239,0.396,0.253,0.176,0.288,0.483,4.598
2028-07-25,H003,monsoon,no,22.0,0.0,0.599,0.274,0.346,0.153,0.219,0.365,0.378,5.111
2028-07-26,H004,monsoon,no,22.56,0.0,0.543,0.379,0.478,0.279,0.131,0.347,0.152,4.788
2028-07-27,H004,monsoon,no,20.6,0.0,0.495,0.365,0.289,0.096,0.227,0.028,0.248,3.601
2028-07-28,H002,monsoon,no,21.82,0.0,0.54,0.226,0.344,0.295,0.118,0.182,0.282,4.447
2028-07-29,H004,monsoon,no,18.8,0.0,0.581,0.29,0.307,0.218,0.175,0.244,0.394,5.027
2028-07-30,H005,monsoon,no,22.27,0.0,0.479,0.314,0.526,0.103,0.155,0.169,0.245,4.838
2028-07-31,H002,monsoon,no,22.9,0.0,0.451,0.264,0.519,0.221,0.0,0.0,0.365,4.359
2028-08-01,H002,monsoon,no,17.05,0.0,0.67,0.465,0.161,0.128,0.176,0.192,0.216,4.632
2028-08-02,H002,monsoon,no,14.27,0.0,0.511,0.316,0.1,0.183,0.137,0.25,0.351,4.009
2028-08-03,H005,monsoon,no,19.48,0.0,0.542,0.296,0.273,0.141,0.185,0.208,0.387,4.332
2028-08-04,H005,monsoon,no,18.23,0.0,0.526,0.383,0.231,0.169,0.2,0.17,0.496,4.936
2028-08-05,H002,monsoon,no,16.05,0.0,0.583,0.274,0.1,0.255,0.324,0.253,0.375,4.84
2028-08-06,H005,monsoon,no,16.94,0.0,0.656,0.371,0.242,0.221,0.221,0.277,0.268,5.024
2028-08-07,H004,monsoon,no,14.5,0.0,0.585,0.183,0.1,0.09,0.223,0.213,0.499,3.767
2028-08-08,H003,monsoon,no,15.45,0.0,0.459,0.268,0.104,0.095,0.235,0.36,0.332,4.292
2028-08-09,H005,monsoon,no,16.42,0.0,0.467,0.373,0.1,0.202,0.261,0.255,0.427,4.664
2028-08-10,H005,monsoon,no,19.96,0.0,0.526,0.41,0.293,0.207,0.232,0.18,0.289,3.923
2028-08-11,H005,monsoon,no,16.22,0.0,0.534,0.246,0.1,0.126,0.22,0.16,0.359,3.749
2028-08-12,H003,monsoon,no,18.78,0.0,0.447,0.238,0.195,0.307,0.25,0.233,0.27,4.277
2028-08-13,H002,monsoon,no,16.42,0.0,0.599,0.34,0.102,0.245,0.03,0.339,0.382,5.171
2028-08-14,H001,monsoon,no,18.0,0.0,0.485,0.256,0.233,0.13,0.346,0.184,0.43,3.826
2028-08-15,H005,monsoon,no,17.22,0.0,0.64,0.281,0.329,0.122,0.311,0.298,0.301,4.8
2028-08-16,H004,monsoon,no,19.25,0.0,0.659,0.361,0.306,0.162,0.215,0.258,0.295,5.038
2028-08-17,H004,monsoon,no,16.43,0.0,0.535,0.262,0.263,0.153,0.101,0.409,0.386,4.701
2028-08-18,H001,monsoon,no,14.35,0.0,0.576,0.162,0.116,0.28,0.285,0.281,0.267,4.337
2028-08-19,H005,monsoon,no,14.74,0.0,0.476,0.209,0.169,0.259,0.151,0.194,0.198,4.557
2028-08-20,H001,monsoon,no,16.44,0.0,0.587,0.301,0.296,0.183,0.237,0.309,0.385,5.552
2028-08-21,H003,monsoon,no,15.0,0.0,0.52,0.17,0.1,0.234,0.11,0.312,0.339,4.212
2028-08-22,H005,monsoon,no,18.32,0.0,0.485,0.279,0.159,0.246,0.356,0.218,0.337,3.78
2028-08-23,H002,monsoon,no,16.57,0.0,0.533,0.203,0.206,0.185,0.099,0.157,0.402,4.579
2028-08-24,H003,monsoon,no,22.25,0.0,0.522,0.415,0.38,0.212,0.205,0.293,0.416,5.129
2028-08-25,H005,monsoon,no,14.02,0.0,0.53,0.452,0.1,0.228,0.051,0.255,0.334,4.392
2028-08-26,H002,monsoon,no,17.91,0.0,0.607,0.226,0.186,0.219,0.197,0.129,0.238,3.892
2028-08-27,H001,monsoon,no,15.24,0.0,0.503,0.318,0.1,0.118,0.17,0.27,0.286,4.43
2028-08-28,H003,monsoon,no,16.51,0.0,0.654,0.233,0.28,0.126,0.28,0.199,0.408,4.355
2028-08-29,H004,monsoon,no,17.78,0.0,0.47,0.278,0.113,0.157,0.17,0.129,0.364,3.609
2028-08-30,H003,monsoon,no,12.85,0.0,0.647,0.426,0.1,0.123,0.28,0.222,0.295,4.518
2028-08-31,H003,monsoon,no,17.97,0.0,0.489,0.267,0.251,0.062,0.128,0.353,0.272,4.085
2028-09-01,H004,monsoon,no,18.01,0.0,0.55,0.28,0.1,0.234,0.18,0.347,0.412,4.454
2028-09-02,H001,monsoon,no,13.3,0.0,0.521,0.234,0.1,0.208,0.182,0.326,0.328,4.988
2028-09-03,H002,monsoon,no,14.73,0.0,0.529,0.38,0.1,0.073,0.235,0.272,0.425,4.882
2028-09-04,H005,monsoon,no,16.26,0.0,0.598,0.1,0.185,0.161,0.226,0.298,0.438,4.317
2028-09-05,H002,monsoon,no,13.88,0.0,0.64,0.269,0.1,0.165,0.251,0.258,0.319,4.268
2028-09-06,H005,monsoon,no,13.04,0.0,0.621,0.297,0.1,0.195,0.219,0.162,0.445,4.317
2028-09-07,H003,monsoon,no,9.65,0.0,0.526,0.254,0.1,0.093,0.246,0.178,0.364,4.052
2028-09-08,H005,monsoon,no,15.49,0.0,0.561,0.36,0.296,0.072,0.137,0.201,0.377,4.629
2028-09-09,H004,monsoon,no,13.98,0.0,0.503,0.384,0.1,0.222,0.227,0.362,0.131,4.439
2028-09-10,H003,monsoon,no,12.18,0.0,0.491,0.201,0.1,0.057,0.313,0.336,0.253,5.052
2028-09-11,H005,monsoon,no,14.46,0.0,0.481,0.447,0.1,0.161,0.082,0.164,0.258,4.27
2028-09-12,H002,monsoon,no,13.04,0.0,0.524,0.2,0.1,0.154,0.234,0.254,0.318,3.259
2028-09-13,H002,monsoon,no,13.15,0.0,0.565,0.39,0.169,0.17,0.247,0.218,0.361,4.619
2028-09-14,H004,monsoon,no,15.42,0.0,0.435,0.31,0.1,0.2,0.302,0.238,0.366,4.757
2028-09-15,H005,monsoon,no,11.53,0.0,0.547,0.265,0.1,0.308,0.251,0.207,0.379,4.68
2028-09-16,H001,monsoon,no,16.3,0.0,0.641,0.271,0.1,0.052,0.207,0.362,0.282,4.604
2028-09-17,H005,monsoon,no,11.41,0.0,0.617,0.298,0.1,0.25,0.23,0.248,0.419,4.997
2028-09-18,H003,monsoon,no,12.88,0.0,0.515,0.315,0.1,0.0,0.149,0.267,0.531,4.308
2028-09-19,H002,monsoon,no,18.05,0.0,0.466,0.236,0.133,0.291,0.173,0.268,0.315,4.626
2028-09-20,H001,monsoon,no,16.46,0.0,0.578,0.284,0.151,0.017,0.107,0.168,0.284,3.435
2028-09-21,H001,monsoon,no,14.4,0.0,0.411,0.246,0.1,0.375,0.304,0.259,0.281,4.272
2028-09-22,H003,monsoon,no,12.32,0.0,0.617,0.215,0.1,0.149,0.232,0.335,0.359,5.079
2028-09-23,H004,monsoon,no,13.15,0.0,0.537,0.243,0.1,0.283,0.136,0.368,0.297,4.856
2028-09-24,H001,monsoon,no,14.35,0.0,0.66,0.22,0.1,0.267,0.219,0.158,0.177,5.155
2028-09-25,H005,monsoon,no,14.28,0.0,0.446,0.271,0.182,0.145,0.281,0.129,0.204,5.079
2028-09-26,H003,monsoon,no,14.02,0.0,0.605,0.33,0.1,0.151,0.269,0.255,0.452,4.467
2028-09-27,H001,monsoon,no,14.14,0.0,0.544,0.308,0.1,0.113,0.135,0.339,0.478,4.054
2028-09-28,H005,monsoon,no,13.78,0.0,0.53,0.438,0.1,0.243,0.0,0.279,0.51,4.467
2028-09-29,H001,monsoon,no,11.32,0.0,0.468,0.145,0.1,0.146,0.228,0.304,0.373,4.58
2028-09-30,H004,monsoon,no,13.17,0.0,0.586,0.333,0.122,0.114,0.138,0.141,0.251,4.846
2028-10-01,H004,post_monsoon,yes,14.83,0.0,0.591,0.3,0.281,0.223,0.244,0.204,0.306,6.048
2028-10-02,H005,post_monsoon,yes,10.26,0.0,0.657,0.357,0.1,0.108,0.267,0.074,0.201,4.388
2028-10-03,H005,post_monsoon,yes,12.62,0.0,0.61,0.35,0.1,0.154,0.278,0.239,0.197,4.823
2028-10-04,H005,post_monsoon,yes,11.36,0.0,0.514,0.288,0.1,0.189,0.322,0.077,0.376,4.248
2028-10-05,H001,post_monsoon,yes,13.22,0.0,0.49,0.312,0.1,0.129,0.287,0.357,0.404,3.935
2028-10-06,H002,post_monsoon,yes,12.22,0.0,0.468,0.248,0.105,0.141,0.322,0.374,0.546,4.934
2028-10-07,H002,post_monsoon,yes,15.95,0.0,0.638,0.343,0.192,0.303,0.297,0.261,0.342,5.147
2028-10-08,H002,post_monsoon,yes,14.01,0.0,0.503,0.168,0.1,0.164,0.303,0.129,0.214,4.785
2028-10-09,H002,post_monsoon,yes,10.38,0.0,0.639,0.354,0.1,0.151,0.197,0.28,0.338,4.138
2028-10-10,H002,post_monsoon,yes,14.34,0.0,0.582,0.298,0.1,0.166,0.11,0.399,0.322,4.479
2028-10-11,H005,post_monsoon,yes,11.45,0.0,0.57,0.266,0.1,0.216,0.374,0.288,0.301,4.981
2028-10-12,H005,post_monsoon,yes,11.85,0.0,0.532,0.284,0.1,0.097,0.204,0.345,0.384,4.787
2028-10-13,H004,post_monsoon,yes,13.63,0.0,0.59,0.289,0.1,0.214,0.286,0.211,0.229,4.626
2028-10-14,H003,post_monsoon,yes,12.02,0.0,0.549,0.391,0.1,0.2,0.161,0.18,0.363,5.625
2028-10-15,H003,post_monsoon,yes,14.79,0.0,0.528,0.526,0.1,0.037,0.267,0.244,0.415,5.689
2028-10-16,H004,post_monsoon,yes,11.45,0.0,0.592,0.385,0.1,0.324,0.029,0.096,0.492,4.447
2028-10-17,H005,post_monsoon,yes,11.76,0.0,0.541,0.26,0.1,0.297,0.171,0.431,0.381,5.572
2028-10-18,H003,post_monsoon,yes,11.69,0.0,0.502,0.344,0.1,0.116,0.193,0.261,0.454,5.258
2028-10-19,H003,post_monsoon,yes,11.87,0.0,0.586,0.347,0.1,0.09,0.232,0.319,0.306,4.66
2028-10-20,H005,post_monsoon,yes,15.2,0.0,0.546,0.235,0.17,0.198,0.275,0.213,0.32,4.685
2028-10-21,H005,post_monsoon,yes,14.26,0.0,0.579,0.212,0.1,0.066,0.123,0.127,0.485,4.603
2028-10-22,H002,post_monsoon,yes,16.42,0.0,0.523,0.296,0.182,0.289,0.246,0.364,0.213,5.057
2028-10-23,H002,post_monsoon,yes,17.54,0.0,0.477,0.357,0.1,0.143,0.286,0.16,0.31,4.284
2028-10-24,H002,post_monsoon,yes,10.94,0.0,0.654,0.187,0.1,0.31,0.364,0.278,0.463,5.638
2028-10-25,H001,post_monsoon,yes,13.14,0.0,0.643,0.25,0.103,0.114,0.249,0.285,0.329,4.853
2028-10-26,H004,post_monsoon,yes,10.65,0.0,0.603,0.34,0.1,0.171,0.168,0.256,0.321,4.48
2028-10-27,H003,post_monsoon,yes,11.44,0.0,0.527,0.303,0.1,0.281,0.111,0.187,0.323,4.195
2028-10-28,H001,post_monsoon,yes,11.74,0.0,0.532,0.399,0.1,0.154,0.328,0.238,0.362,4.913
2028-10-29,H002,post_monsoon,yes,10.89,0.0,0.633,0.201,0.1,0.202,0.252,0.174,0.459,5.011
2028-10-30,H003,post_monsoon,yes,10.9,0.0,0.529,0.465,0.1,0.267,0.198,0.315,0.442,5.415
2028-10-31,H005,post_monsoon,yes,12.71,0.0,0.512,0.192,0.1,0.136,0.087,0.296,0.351,4.035
2028-11-01,H004,post_monsoon,yes,11.77,0.0,0.662,0.158,0.1,0.079,0.135,0.248,0.459,4.825
2028-11-02,H003,post_monsoon,yes,15.89,0.0,0.547,0.296,0.176,0.063,0.244,0.205,0.384,4.64
2028-11-03,H001,post_monsoon,yes,12.37,0.0,0.656,0.221,0.1,0.227,0.225,0.419,0.436,5.166
2028-11-04,H002,post_monsoon,yes,19.82,0.0,0.466,0.297,0.276,0.211,0.064,0.146,0.247,5.061
2028-11-05,H004,post_monsoon,yes,13.3,0.0,0.581,0.295,0.1,0.265,0.244,0.126,0.524,5.472
2028-11-06,H004,post_monsoon,yes,14.35,0.0,0.674,0.286,0.148,0.158,0.09,0.243,0.372,4.195
2028-11-07,H005,post_monsoon,yes,11.62,0.0,0.552,0.241,0.1,0.066,0.295,0.229,0.075,3.838
2028-11-08,H003,post_monsoon,yes,17.62,0.0,0.534,0.33,0.149,0.0,0.215,0.338,0.516,4.686
2028-11-09,H002,post_monsoon,yes,16.44,0.0,0.48,0.278,0.1,0.409,0.168,0.302,0.351,5.001
2028-11-10,H003,post_monsoon,yes,14.8,0.0,0.615,0.377,0.1,0.222,0.269,0.252,0.31,5.385
2028-11-11,H005,post_monsoon,yes,11.51,0.0,0.504,0.287,0.1,0.191,0.225,0.29,0.289,4.975
2028-11-12,H001,post_monsoon,yes,14.63,0.0,0.544,0.232,0.1,0.202,0.293,0.289,0.394,5.741
2028-11-13,H005,post_monsoon,yes,11.96,0.0,0.476,0.182,0.1,0.065,0.206,0.418,0.261,4.168
2028-11-14,H005,post_monsoon,yes,17.13,0.0,0.643,0.288,0.277,0.116,0.21,0.27,0.292,4.66
2028-11-15,H005,post_monsoon,yes,15.82,0.0,0.619,0.211,0.23,0.319,0.18,0.196,0.295,4.707
2028-11-16,H004,post_monsoon,yes,14.4,0.0,0.548,0.206,0.1,0.233,0.218,0.266,0.321,4.33
2028-11-17,H003,post_monsoon,yes,9.33,0.0,0.481,0.337,0.1,0.119,0.319,0.041,0.298,4.68
2028-11-18,H005,post_monsoon,yes,12.24,0.0,0.642,0.176,0.1,0.082,0.165,0.247,0.435,3.897
2028-11-19,H001,post_monsoon,yes,15.58,0.0,0.528,0.399,0.1,0.139,0.245,0.337,0.377,5.041
2028-11-20,H004,post_monsoon,yes,16.63,0.0,0.484,0.311,0.181,0.155,0.138,0.298,0.389,5.06
2028-11-21,H003,post_monsoon,yes,16.42,0.0,0.444,0.297,0.1,0.344,0.055,0.274,0.411,4.535
2028-11-22,H003,post_monsoon,yes,11.02,0.0,0.511,0.228,0.1,0.165,0.215,0.302,0.341,4.942
2028-11-23,H003,post_monsoon,yes,14.81,0.0,0.463,0.354,0.124,0.085,0.226,0.338,0.248,5.303
2028-11-24,H001,post_monsoon,yes,16.24,0.0,0.513,0.3,0.1,0.175,0.192,0.364,0.531,4.947
2028-11-25,H005,post_monsoon,yes,10.89,0.0,0.595,0.252,0.1,0.201,0.095,0.286,0.443,5.447
2028-11-26,H004,post_monsoon,yes,14.19,0.0,0.527,0.314,0.1,0.078,0.221,0.225,0.511,5.82
2028-11-27,H004,post_monsoon,yes,14.75,0.0,0.571,0.182,0.1,0.212,0.219,0.065,0.453,4.564
2028-11-28,H001,post_monsoon,yes,13.6,0.0,0.507,0.186,0.1,0.277,0.138,0.328,0.304,4.565
2028-11-29,H004,post_monsoon,yes,10.5,0.0,0.554,0.222,0.1,0.191,0.105,0.291,0.115,4.596
2028-11-30,H005,post_monsoon,yes,13.55,0.0,0.665,0.324,0.1,0.116,0.182,0.262,0.227,5.008
2028-12-01,H005,winter,no,16.85,0.0,0.529,0.3,0.266,0.138,0.246,0.395,0.414,4.817
2028-12-02,H002,winter,no,17.2,0.0,0.573,0.373,0.176,0.047,0.229,0.527,0.34,5.019
2028-12-03,H001,winter,no,16.37,0.0,0.456,0.236,0.12,0.169,0.138,0.429,0.308,5.303
2028-12-04,H002,winter,no,16.61,0.0,0.641,0.34,0.189,0.205,0.21,0.447,0.1,4.65
2028-12-05,H001,winter,no,17.42,0.0,0.521,0.292,0.185,0.108,0.262,0.446,0.349,5.122
2028-12-06,H003,winter,no,18.38,0.0,0.613,0.234,0.139,0.335,0.118,0.486,0.242,4.894
2028-12-07,H003,winter,no,16.89,0.0,0.543,0.327,0.113,0.243,0.204,0.358,0.278,5.241
2028-12-08,H003,winter,no,16.68,0.0,0.587,0.295,0.134,0.037,0.294,0.495,0.435,4.532
2028-12-09,H005,winter,no,17.68,0.0,0.59,0.256,0.217,0.038,0.111,0.392,0.247,4.384
2028-12-10,H004,winter,no,13.66,0.0,0.523,0.303,0.1,0.101,0.281,0.395,0.257,5.11
2028-12-11,H003,winter,no,18.45,0.0,0.616,0.291,0.245,0.306,0.313,0.521,0.369,4.973
2028-12-12,H004,winter,no,17.5,0.0,0.504,0.289,0.1,0.251,0.184,0.37,0.437,4.701
2028-12-13,H002,winter,no,17.58,0.0,0.597,0.271,0.246,0.31,0.176,0.521,0.31,5.647
2028-12-14,H004,winter,no,19.42,0.0,0.527,0.209,0.267,0.181,0.272,0.458,0.497,4.374
2028-12-15,H005,winter,no,13.59,0.0,0.571,0.305,0.238,0.163,0.187,0.318,0.222,4.657
2028-12-16,H005,winter,no,13.55,0.0,0.522,0.244,0.1,0.08,0.035,0.559,0.205,5.039
2028-12-17,H003,winter,no,18.05,0.0,0.553,0.229,0.238,0.208,0.193,0.475,0.196,5.028
2028-12-18,H003,winter,no,17.49,0.0,0.486,0.283,0.416,0.164,0.233,0.482,0.185,4.534
2028-12-19,H002,winter,no,17.84,0.0,0.565,0.351,0.219,0.161,0.252,0.531,0.384,4.999
2028-12-20,H003,winter,no,16.58,0.0,0.553,0.313,0.148,0.309,0.138,0.57,0.252,4.653
2028-12-21,H005,winter,no,18.83,0.0,0.518,0.263,0.164,0.17,0.181,0.466,0.209,4.546
2028-12-22,H005,winter,no,19.37,0.0,0.547,0.26,0.387,0.286,0.268,0.499,0.388,5.224
2028-12-23,H004,winter,no,18.47,0.0,0.558,0.345,0.136,0.053,0.196,0.48,0.432,4.899
2028-12-24,H002,winter,no,16.98,0.0,0.513,0.132,0.203,0.395,0.093,0.423,0.455,5.323
2028-12-25,H002,winter,no,13.28,0.0,0.542,0.356,0.1,0.15,0.287,0.323,0.438,5.246
2028-12-26,H002,winter,no,19.04,0.0,0.49,0.169,0.236,0.237,0.185,0.467,0.258,4.733
2028-12-27,H001,winter,no,19.94,0.0,0.691,0.201,0.174,0.249,0.276,0.56,0.378,5.697
2028-12-28,H001,winter,no,18.79,0.0,0.614,0.264,0.349,0.14,0.102,0.497,0.4,5.523
2028-12-29,H004,winter,no,15.74,0.0,0.566,0.452,0.1,0.246,0.192,0.365,0.303,4.571
2028-12-30,H004,winter,no,18.85,0.0,0.62,0.417,0.147,0.25,0.236,0.538,0.366,5.693
2028-12-31,H001,winter,no,19.22,0.0,0.431,0.349,0.359,0.123,0.194,0.425,0.225,4.845
2029-01-01,H004,winter,no,25.12,0.052,0.397,0.325,0.454,0.124,0.117,0.283,0.287,4.187
2029-01-02,H001,winter,no,20.25,0.0,0.526,0.17,0.327,0.184,0.033,0.531,0.387,4.868
2029-01-03,H002,winter,no,21.55,0.0,0.467,0.311,0.419,0.171,0.307,0.374,0.501,4.754
2029-01-04,H002,winter,no,23.49,0.0,0.536,0.262,0.468,0.291,0.217,0.592,0.465,5.738
2029-01-05,H001,winter,no,22.11,0.0,0.562,0.243,0.199,0.236,0.282,0.542,0.416,4.59
2029-01-06,H004,winter,no,19.77,0.0,0.605,0.311,0.336,0.174,0.265,0.432,0.358,5.51
2029-01-07,H001,winter,no,22.83,0.0,0.482,0.267,0.395,0.228,0.242,0.487,0.342,4.877
2029-01-08,H003,winter,no,23.16,0.0,0.574,0.361,0.39,0.016,0.178,0.644,0.205,5.254
2029-01-09,H003,winter,no,22.18,0.0,0.551,0.164,0.368,0.131,0.234,0.53,0.266,4.727
2029-01-10,H003,winter,no,22.44,0.0,0.571,0.305,0.259,0.203,0.3,0.469,0.27,4.835
2029-01-11,H001,winter,no,21.48,0.0,0.519,0.238,0.365,0.269,0.206,0.681,0.407,5.822
2029-01-12,H003,winter,no,24.96,0.0,0.633,0.271,0.379,0.196,0.333,0.459,0.444,5.271
2029-01-13,H004,winter,no,20.2,0.0,0.544,0.321,0.275,0.297,0.095,0.497,0.424,5.477
2029-01-14,H002,winter,no,20.83,0.0,0.656,0.222,0.336,0.249,0.088,0.375,0.468,5.266
2029-01-15,H005,winter,no,22.02,0.0,0.503,0.311,0.457,0.141,0.269,0.316,0.357,5.073
2029-01-16,H003,winter,no,23.76,0.0,0.595,0.285,0.375,0.169,0.143,0.427,0.252,5.201
2029-01-17,H004,winter,no,19.01,0.0,0.546,0.254,0.366,0.213,0.343,0.453,0.345,5.456
2029-01-18,H001,winter,no,19.38,0.0,0.53,0.267,0.341,0.144,0.294,0.476,0.278,4.775
2029-01-19,H005,winter,no,17.92,0.0,0.588,0.289,0.173,0.303,0.311,0.336,0.416,5.43
2029-01-20,H003,winter,no,22.07,0.0,0.532,0.246,0.284,0.091,0.262,0.503,0.314,4.843
2029-01-21,H005,winter,no,19.76,0.0,0.39,0.3,0.165,0.205,0.135,0.384,0.34,4.492
2029-01-22,H004,winter,no,21.23,0.0,0.366,0.281,0.361,0.239,0.084,0.499,0.419,4.776
2029-01-23,H004,winter,no,23.32,0.0,0.626,0.257,0.364,0.155,0.305,0.525,0.276,5.546
2029-01-24,H001,winter,no,20.72,0.0,0.624,0.411,0.415,0.137,0.095,0.418,0.446,4.731
2029-01-25,H003,winter,no,22.46,0.0,0.663,0.329,0.334,0.174,0.311,0.373,0.215,5.328
2029-01-26,H004,winter,no,21.4,0.0,0.549,0.273,0.274,0.245,0.247,0.573,0.381,5.204
2029-01-27,H005,winter,no,23.34,0.0,0.472,0.31,0.442,0.14,0.195,0.52,0.341,5.235
2029-01-28,H002,winter,no,22.95,0.0,0.525,0.228,0.353,0.094,0.231,0.462,0.433,5.627
2029-01-29,H003,winter,no,20.62,0.0,0.551,0.269,0.315,0.272,0.233,0.567,0.213,4.833
2029-01-30,H001,winter,no,21.66,0.0,0.49,0.278,0.435,0.212,0.186,0.457,0.197,5.666
2029-01-31,H003,winter,no,24.09,0.0,0.649,0.213,0.463,0.261,0.3,0.4,0.425,5.321
2029-02-01,H003,winter,no,27.29,0.25,0.684,0.327,0.591,0.241,0.297,0.37,0.311,6.821
2029-02-02,H001,winter,no,23.71,0.0,0.579,0.265,0.455,0.354,0.211,0.441,0.341,5.881
2029-02-03,H005,winter,no,27.81,0.38,0.549,0.275,0.467,0.269,0.158,0.512,0.284,7.505
2029-02-04,H004,winter,no,24.33,0.0,0.472,0.26,0.495,0.122,0.291,0.561,0.441,6.063
2029-02-05,H001,winter,no,29.33,0.511,0.643,0.507,0.676,0.218,0.058,0.452,0.38,7.509
2029-02-06,H005,winter,no,28.55,0.396,0.555,0.254,0.703,0.135,0.231,0.547,0.374,7.33
2029-02-07,H004,winter,no,27.08,0.085,0.533,0.155,0.622,0.144,0.252,0.433,0.233,5.559
2029-02-08,H004,winter,no,26.81,0.304,0.579,0.188,0.546,0.067,0.142,0.387,0.4,6.761
2029-02-09,H005,winter,no,26.08,0.171,0.515,0.353,0.616,0.157,0.268,0.345,0.251,6.233
2029-02-10,H003,winter,no,27.86,0.343,0.559,0.394,0.581,0.224,0.198,0.41,0.284,7.606
2029-02-11,H002,winter,no,25.76,0.084,0.463,0.252,0.54,0.175,0.162,0.349,0.213,5.844
2029-02-12,H004,winter,no,26.97,0.305,0.615,0.39,0.544,0.092,0.267,0.611,0.334,7.274
2029-02-13,H005,winter,no,28.24,0.281,0.544,0.352,0.657,0.058,0.124,0.485,0.456,5.952
2029-02-14,H005,winter,no,25.38,0.0,0.62,0.287,0.475,0.349,0.261,0.442,0.373,6.033
2029-02-15,H004,winter,no,25.27,0.0,0.538,0.282,0.633,0.206,0.061,0.588,0.306,5.024
2029-02-16,H004,winter,no,24.11,0.031,0.542,0.313,0.616,0.114,0.22,0.346,0.361,5.354
2029-02-17,H001,winter,no,24.37,0.0,0.477,0.361,0.535,0.217,0.203,0.439,0.36,5.639
2029-02-18,H003,winter,no,22.84,0.0,0.596,0.328,0.527,0.355,0.162,0.61,0.357,6.097
2029-02-19,H002,winter,no,27.96,0.249,0.497,0.253,0.485,0.23,0.227,0.438,0.368,5.984
2029-02-20,H002,winter,no,30.12,0.629,0.521,0.288,0.581,0.0,0.194,0.646,0.246,7.606
2029-02-21,H005,winter,no,29.35,0.506,0.55,0.439,0.638,0.392,0.274,0.513,0.361,8.151
2029-02-22,H002,winter,no,23.25,0.0,0.557,0.318,0.423,0.032,0.239,0.554,0.174,5.209
2029-02-23,H005,winter,no,27.95,0.524,0.448,0.361,0.592,0.164,0.232,0.557,0.408,7.554
2029-02-24,H005,winter,no,29.34,0.568,0.536,0.338,0.532,0.089,0.22,0.45,0.24,7.894
2029-02-25,H003,winter,no,25.59,0.111,0.598,0.319,0.606,0.121,0.167,0.411,0.468,6.361
2029-02-26,H001,winter,no,26.7,0.158,0.527,0.308,0.73,0.203,0.179,0.441,0.105,5.593
2029-02-27,H004,winter,no,22.48,0.0,0.537,0.363,0.492,0.014,0.217,0.371,0.517,4.852
2029-02-28,H005,winter,no,27.03,0.224,0.56,0.35,0.658,0.173,0.188,0.445,0.186,6.371
2029-03-01,H003,summer,no,27.67,0.311,0.542,0.318,0.615,0.272,0.278,0.25,0.23,6.764
2029-03-02,H001,summer,no,30.19,0.698,0.488,0.251,0.63,0.113,0.207,0.385,0.38,8.154
2029-03-03,H003,summer,no,26.67,0.079,0.548,0.327,0.563,0.069,0.226,0.297,0.412,5.766
2029-03-04,H005,summer,no,30.88,0.863,0.61,0.295,0.894,0.169,0.102,0.439,0.322,10.332
2029-03-05,H003,summer,no,31.84,0.87,0.487,0.278,0.736,0.153,0.266,0.077,0.439,8.815
2029-03-06,H003,summer,no,28.23,0.506,0.528,0.488,0.583,0.132,0.159,0.153,0.27,7.402
2029-03-07,H003,summer,no,27.52,0.229,0.467,0.192,0.679,0.085,0.127,0.222,0.31,5.442
2029-03-08,H004,summer,no,25.48,0.0,0.606,0.367,0.603,0.222,0.315,0.369,0.32,5.522
2029-03-09,H002,summer,no,29.26,0.44,0.544,0.24,0.593,0.228,0.249,0.241,0.296,7.409
2029-03-10,H004,summer,no,28.63,0.474,0.499,0.309,0.614,0.095,0.268,0.133,0.157,7.194
2029-03-11,H005,summer,no,26.69,0.217,0.556,0.48,0.518,0.106,0.232,0.23,0.348,6.744
2029-03-12,H004,summer,no,30.7,0.675,0.478,0.233,0.724,0.191,0.193,0.154,0.338,8.468
2029-03-13,H005,summer,no,28.89,0.406,0.488,0.249,0.734,0.103,0.18,0.139,0.458,7.162
2029-03-14,H004,summer,no,27.64,0.229,0.462,0.299,0.531,0.194,0.255,0.41,0.221,6.267
2029-03-15,H005,summer,no,28.69,0.457,0.486,0.241,0.725,0.297,0.279,0.222,0.286,7.806
2029-03-16,H001,summer,no,31.94,0.83,0.631,0.362,0.776,0.175,0.195,0.264,0.47,9.779
2029-03-17,H002,summer,no,31.0,0.695,0.506,0.263,0.916,0.083,0.345,0.243,0.379,8.562
2029-03-18,H002,summer,no,29.53,0.691,0.578,0.346,0.697,0.211,0.186,0.23,0.405,8.763
2029-03-19,H005,summer,no,31.03,0.747,0.5,0.207,0.724,0.166,0.102,0.183,0.395,8.434
2029-03-20,H002,summer,no,27.47,0.411,0.596,0.174,0.635,0.168,0.079,0.225,0.396,6.814
2029-03-21,H005,summer,no,29.86,0.565,0.488,0.284,0.657,0.218,0.082,0.277,0.532,8.036
2029-03-22,H004,summer,no,30.09,0.656,0.552,0.19,0.55,0.235,0.171,0.363,0.359,8.022
2029-03-23,H001,summer,no,28.85,0.477,0.553,0.406,0.625,0.183,0.184,0.326,0.249,8.22
2029-03-24,H004,summer,no,30.67,0.572,0.69,0.193,0.696,0.175,0.248,0.152,0.414,8.305
2029-03-25,H002,summer,no,28.23,0.518,0.588,0.227,0.492,0.345,0.198,0.329,0.293,8.052
2029-03-26,H002,summer,no,30.81,0.716,0.514,0.329,0.717,0.276,0.259,0.288,0.339,8.704
2029-03-27,H005,summer,no,30.9,0.797,0.591,0.259,0.561,0.247,0.203,0.2,0.387,8.636
2029-03-28,H004,summer,no,23.96,0.0,0.678,0.194,0.421,0.19,0.201,0.265,0.268,4.728
2029-03-29,H004,summer,no,32.17,0.884,0.452,0.443,0.796,0.1,0.16,0.296,0.299,9.532
2029-03-30,H002,summer,no,23.7,0.0,0.499,0.23,0.446,0.27,0.3,0.254,0.398,4.923
2029-03-31,H004,summer,no,28.56,0.544,0.536,0.286,0.6,0.192,0.093,0.288,0.295,8.488
2029-04-01,H002,summer,no,33.05,1.031,0.525,0.285,0.805,0.134,0.221,0.181,0.447,10.596
2029-04-02,H004,summer,no,30.37,0.7,0.53,0.35,0.642,0.161,0.187,0.409,0.251,8.629
2029-04-03,H002,summer,no,28.07,0.492,0.472,0.332,0.614,0.103,0.255,0.096,0.251,7.305
2029-04-04,H004,summer,no,28.81,0.569,0.634,0.242,0.647,0.265,0.199,0.296,0.541,8.247
2029-04-05,H004,summer,no,33.05,1.068,0.465,0.277,0.74,0.235,0.201,0.279,0.197,10.511
2029-04-06,H002,summer,no,27.16,0.156,0.538,0.284,0.598,0.195,0.181,0.301,0.347,5.35
2029-04-07,H001,summer,no,33.26,0.977,0.613,0.352,0.841,0.177,0.298,0.193,0.535,10.411
2029-04-08,H001,summer,no,30.89,0.656,0.548,0.218,0.712,0.126,0.2,0.344,0.347,8.758
2029-04-09,H005,summer,no,28.62,0.51,0.491,0.441,0.828,0.01,0.338,0.241,0.485,7.853
2029-04-10,H005,summer,no,29.83,0.618,0.469,0.247,0.672,0.067,0.219,0.155,0.415,7.499
2029-04-11,H004,summer,no,28.97,0.384,0.536,0.299,0.626,0.121,0.202,0.162,0.349,6.746
2029-04-12,H001,summer,no,32.73,0.951,0.505,0.219,0.766,0.109,0.19,0.26,0.337,9.752
2029-04-13,H003,summer,no,32.46,0.814,0.562,0.209,0.711,0.203,0.239,0.122,0.138,8.527
2029-04-14,H003,summer,no,27.56,0.316,0.466,0.239,0.647,0.245,0.159,0.394,0.318,6.836
2029-04-15,H002,summer,no,30.19,0.517,0.599,0.232,0.643,0.17,0.21,0.334,0.373,8.178
2029-04-16,H002,summer,no,29.27,0.577,0.557,0.271,0.616,0.293,0.201,0.396,0.373,7.904
2029-04-17,H004,summer,no,33.59,1.104,0.561,0.231,0.79,0.117,0.223,0.388,0.597,10.849
2029-04-18,H005,summer,no,28.3,0.565,0.636,0.349,0.543,0.169,0.225,0.222,0.378,8.092
2029-04-19,H005,summer,no,34.21,1.219,0.524,0.245,0.718,0.176,0.228,0.18,0.413,11.102
2029-04-20,H002,summer,no,30.93,0.708,0.506,0.237,0.69,0.267,0.207,0.036,0.466,8.263
2029-04-21,H003,summer,no,28.68,0.525,0.517,0.272,0.707,0.188,0.31,0.218,0.404,7.845
2029-04-22,H003,summer,no,29.65,0.469,0.538,0.369,0.692,0.191,0.23,0.391,0.341,7.747
2029-04-23,H002,summer,no,29.4,0.473,0.545,0.315,0.791,0.048,0.382,0.184,0.342,7.463
2029-04-24,H003,summer,no,28.45,0.458,0.5,0.293,0.688,0.108,0.203,0.233,0.315,7.857
2029-04-25,H002,summer,no,31.19,0.601,0.429,0.2,0.78,0.268,0.267,0.206,0.394,8.314
2029-04-26,H001,summer,no,28.54,0.44,0.516,0.22,0.782,0.014,0.149,0.28,0.333,6.537
2029-04-27,H003,summer,no,26.64,0.123,0.572,0.211,0.548,0.287,0.298,0.353,0.412,6.198
2029-04-28,H002,summer,no,30.24,0.663,0.558,0.391,0.705,0.22,0.151,0.127,0.249,8.33
2029-04-29,H002,summer,no,27.39,0.213,0.622,0.337,0.585,0.12,0.232,0.142,0.365,6.319
2029-04-30,H004,summer,no,29.5,0.596,0.667,0.24,0.793,0.113,0.181,0.369,0.505,8.292
2029-05-01,H004,summer,no,27.98,0.374,0.596,0.26,0.609,0.332,0.232,0.309,0.328,7.9
2029-05-02,H001,summer,no,28.05,0.494,0.633,0.242,0.56,0.293,0.184,0.229,0.534,7.341
2029-05-03,H002,summer,no,33.8,1.1,0.596,0.238,0.889,0.17,0.145,0.387,0.366,11.072
2029-05-04,H001,summer,no,29.91,0.552,0.653,0.332,0.621,0.191,0.181,0.141,0.344,7.518
2029-05-05,H005,summer,no,30.28,0.641,0.661,0.28,0.744,0.128,0.308,0.324,0.362,9.271
2029-05-06,H005,summer,no,26.24,0.048,0.607,0.446,0.573,0.191,0.233,0.245,0.319,5.89
2029-05-07,H003,summer,no,28.49,0.468,0.592,0.388,0.614,0.126,0.11,0.299,0.152,7.622
2029-05-08,H005,summer,no,30.22,0.7,0.538,0.392,0.744,0.174,0.277,0.059,0.438,8.878
2029-05-09,H004,summer,no,27.75,0.541,0.548,0.347,0.481,0.325,0.138,0.229,0.569,7.664
2029-05-10,H005,summer,no,31.61,0.777,0.53,0.27,0.767,0.172,0.252,0.309,0.398,10.216
2029-05-11,H005,summer,no,27.39,0.277,0.587,0.342,0.549,0.096,0.239,0.245,0.404,6.571
2029-05-12,H003,summer,no,29.22,0.482,0.507,0.276,0.888,0.071,0.243,0.35,0.332,7.841
2029-05-13,H003,summer,no,28.62,0.47,0.539,0.414,0.647,0.19,0.33,0.348,0.466,8.352
2029-05-14,H004,summer,no,30.12,0.671,0.409,0.328,0.647,0.119,0.142,0.173,0.346,8.188
2029-05-15,H001,summer,no,28.51,0.435,0.653,0.318,0.52,0.2,0.243,0.316,0.377,7.627
2029-05-16,H002,summer,no,29.25,0.618,0.537,0.309,0.765,0.05,0.288,0.171,0.193,8.087
2029-05-17,H003,summer,no,29.32,0.491,0.577,0.422,0.635,0.235,0.155,0.254,0.297,7.963
2029-05-18,H002,summer,no,28.33,0.495,0.637,0.2,0.56,0.095,0.148,0.302,0.387,7.648
2029-05-19,H003,summer,no,30.76,0.764,0.568,0.429,0.747,0.184,0.18,0.183,0.441,9.167
2029-05-20,H005,summer,no,30.27,0.658,0.637,0.287,0.753,0.153,0.223,0.313,0.443,9.818
2029-05-21,H004,summer,no,29.62,0.552,0.475,0.202,0.725,0.317,0.101,0.21,0.192,8.232
2029-05-22,H005,summer,no,28.93,0.686,0.694,0.247,0.649,0.194,0.239,0.204,0.202,8.727
2029-05-23,H005,summer,no,31.39,0.733,0.615,0.184,0.758,0.336,0.101,0.307,0.408,9.051
2029-05-24,H002,summer,no,29.32,0.564,0.563,0.346,0.681,0.225,0.291,0.183,0.275,7.983
2029-05-25,H004,summer,no,29.18,0.463,0.636,0.227,0.684,0.294,0.236,0.179,0.439,7.5
2029-05-26,H002,summer,no,30.0,0.768,0.48,0.312,0.724,0.163,0.334,0.333,0.187,9.276
2029-05-27,H005,summer,no,33.19,1.094,0.533,0.379,0.905,0.208,0.247,0.259,0.34,10.567
2029-05-28,H001,summer,no,27.11,0.21,0.637,0.253,0.579,0.277,0.179,0.134,0.347,6.536
2029-05-29,H002,summer,no,31.33,0.833,0.438,0.281,0.678,0.252,0.144,0.318,0.398,9.67
2029-05-30,H005,summer,no,26.01,0.147,0.584,0.209,0.519,0.222,0.217,0.217,0.247,4.902
2029-05-31,H002,summer,no,30.23,0.612,0.582,0.273,0.759,0.154,0.198,0.138,0.153,8.153
2029-06-01,H004,summer,no,29.65,0.642,0.668,0.48,0.533,0.167,0.283,0.049,0.367,8.259
2029-06-02,H002,summer,no,27.48,0.341,0.455,0.354,0.447,0.271,0.135,0.322,0.403,6.929
2029-06-03,H002,summer,no,26.84,0.247,0.647,0.281,0.637,0.288,0.341,0.181,0.451,7.209
2029-06-04,H004,summer,no,25.38,0.044,0.516,0.257,0.627,0.133,0.289,0.15,0.314,4.389
2029-06-05,H004,summer,no,26.56,0.23,0.523,0.297,0.451,0.12,0.186,0.301,0.428,5.964
2029-06-06,H002,summer,no,26.0,0.143,0.477,0.309,0.538,0.108,0.326,0.314,0.399,5.759
2029-06-07,H005,summer,no,24.93,0.0,0.485,0.271,0.455,0.246,0.145,0.187,0.482,4.784
2029-06-08,H001,summer,no,25.92,0.064,0.574,0.337,0.506,0.106,0.214,0.323,0.344,4.799
2029-06-09,H001,summer,no,26.9,0.373,0.483,0.233,0.59,0.245,0.111,0.414,0.177,7.238
2029-06-10,H005,summer,no,24.97,0.0,0.594,0.233,0.385,0.224,0.329,0.358,0.343,5.8
2029-06-11,H001,summer,no,24.89,0.02,0.51,0.326,0.397,0.136,0.085,0.345,0.359,4.911
2029-06-12,H002,summer,no,23.78,0.0,0.477,0.218,0.417,0.305,0.099,0.275,0.402,4.641
2029-06-13,H001,summer,no,27.28,0.426,0.518,0.351,0.57,0.063,0.156,0.215,0.197,7.608
2029-06-14,H002,summer,no,27.59,0.252,0.57,0.299,0.504,0.313,0.293,0.246,0.319,6.085
2029-06-15,H001,summer,no,26.96,0.187,0.533,0.172,0.632,0.206,0.267,0.285,0.437,6.317
2029-06-16,H002,summer,no,28.43,0.351,0.552,0.308,0.594,0.014,0.209,0.149,0.34,6.794
2029-06-17,H002,summer,no,26.68,0.235,0.592,0.182,0.523,0.307,0.271,0.188,0.319,7.186
2029-06-18,H001,summer,no,27.28,0.176,0.615,0.349,0.604,0.258,0.192,0.136,0.541,6.257
2029-06-19,H004,summer,no,27.11,0.225,0.531,0.283,0.564,0.146,0.23,0.269,0.243,6.14
2029-06-20,H001,summer,no,26.32,0.0,0.487,0.43,0.61,0.103,0.316,0.257,0.473,5.396
2029-06-21,H003,summer,no,25.44,0.074,0.555,0.375,0.433,0.054,0.183,0.198,0.452,4.697
2029-06-22,H002,summer,no,30.93,0.701,0.578,0.226,0.615,0.373,0.146,0.316,0.327,8.439
2029-06-23,H004,summer,no,25.6,0.0,0.462,0.159,0.489,0.106,0.233,0.166,0.347,4.64
2029-06-24,H002,summer,no,25.17,0.108,0.497,0.247,0.502,0.079,0.252,0.195,0.346,5.795
2029-06-25,H003,summer,no,27.37,0.191,0.507,0.215,0.485,0.201,0.208,0.312,0.368,5.884
2029-06-26,H005,summer,no,27.0,0.314,0.538,0.428,0.459,0.049,0.27,0.324,0.291,6.389
2029-06-27,H001,summer,no,23.69,0.0,0.504,0.299,0.452,0.101,0.186,0.186,0.307,4.96
2029-06-28,H003,summer,no,28.75,0.596,0.592,0.365,0.579,0.26,0.209,0.269,0.314,7.486
2029-06-29,H003,summer,no,26.31,0.224,0.454,0.28,0.426,0.217,0.226,0.188,0.318,5.25
2029-06-30,H004,summer,no,24.28,0.0,0.455,0.287,0.538,0.149,0.22,0.234,0.319,4.173
2029-07-01,H003,monsoon,no,24.38,0.0,0.53,0.298,0.415,0.181,0.313,0.262,0.126,5.435
2029-07-02,H004,monsoon,no,23.25,0.0,0.539,0.377,0.512,0.145,0.226,0.295,0.36,4.973
2029-07-03,H004,monsoon,no,19.47,0.0,0.463,0.322,0.271,0.175,0.179,0.275,0.297,4.789
2029-07-04,H004,monsoon,no,25.55,0.056,0.514,0.226,0.536,0.119,0.237,0.272,0.163,4.822
2029-07-05,H004,monsoon,no,23.32,0.0,0.526,0.414,0.406,0.134,0.271,0.164,0.315,5.056
2029-07-06,H005,monsoon,no,21.98,0.0,0.526,0.28,0.157,0.131,0.254,0.281,0.312,4.358
2029-07-07,H001,monsoon,no,25.18,0.03,0.559,0.268,0.406,0.122,0.25,0.294,0.478,5.542
2029-07-08,H003,monsoon,no,22.32,0.0,0.51,0.102,0.373,0.264,0.095,0.305,0.296,4.902
2029-07-09,H005,monsoon,no,21.94,0.0,0.639,0.344,0.397,0.242,0.026,0.192,0.417,4.878
2029-07-10,H001,monsoon,no,20.68,0.0,0.579,0.307,0.174,0.105,0.289,0.323,0.488,5.357
2029-07-11,H005,monsoon,no,23.16,0.0,0.502,0.307,0.412,0.084,0.231,0.145,0.287,3.815
2029-07-12,H001,monsoon,no,22.95,0.0,0.556,0.272,0.318,0.167,0.198,0.216,0.345,4.521
2029-07-13,H004,monsoon,no,22.03,0.0,0.557,0.26,0.39,0.352,0.249,0.228,0.523,5.204
2029-07-14,H001,monsoon,no,20.42,0.0,0.623,0.274,0.305,0.098,0.335,0.149,0.373,4.98
2029-07-15,H004,monsoon,no,22.26,0.0,0.514,0.332,0.44,0.167,0.299,0.227,0.387,5.093
2029-07-16,H005,monsoon,no,21.86,0.0,0.596,0.345,0.45,0.187,0.267,0.268,0.309,4.8
2029-07-17,H005,monsoon,no,19.33,0.0,0.553,0.284,0.3,0.171,0.138,0.104,0.419,4.906
2029-07-18,H003,monsoon,no,19.06,0.0,0.639,0.366,0.321,0.143,0.147,0.218,0.346,4.646
2029-07-19,H005,monsoon,no,23.13,0.0,0.627,0.294,0.387,0.272,0.033,0.11,0.167,5.21
2029-07-20,H001,monsoon,no,16.8,0.0,0.562,0.265,0.388,0.216,0.244,0.413,0.314,5.202
2029-07-21,H002,monsoon,no,22.41,0.0,0.534,0.314,0.289,0.248,0.278,0.267,0.232,4.947
2029-07-22,H001,monsoon,no,21.04,0.0,0.58,0.205,0.29,0.227,0.283,0.26,0.361,5.28
2029-07-23,H004,monsoon,no,24.62,0.025,0.539,0.316,0.547,0.252,0.247,0.269,0.258,5.177
2029-07-24,H005,monsoon,no,21.01,0.0,0.651,0.192,0.391,0.307,0.189,0.298,0.398,5.498
2029-07-25,H005,monsoon,no,23.32,0.0,0.555,0.228,0.462,0.286,0.161,0.328,0.354,4.558
2029-07-26,H003,monsoon,no,21.21,0.0,0.526,0.159,0.392,0.366,0.142,0.125,0.225,3.794
2029-07-27,H001,monsoon,no,22.23,0.0,0.522,0.288,0.212,0.277,0.189,0.355,0.301,4.824
2029-07-28,H001,monsoon,no,23.47,0.0,0.477,0.413,0.556,0.126,0.132,0.35,0.412,5.656
2029-07-29,H004,monsoon,no,21.07,0.0,0.583,0.292,0.317,0.248,0.323,0.245,0.465,5.476
2029-07-30,H005,monsoon,no,23.99,0.0,0.501,0.345,0.549,0.237,0.109,0.241,0.26,5.008
2029-07-31,H005,monsoon,no,20.01,0.0,0.616,0.465,0.128,0.334,0.186,0.002,0.24,4.583
2029-08-01,H004,monsoon,no,18.09,0.0,0.472,0.328,0.234,0.103,0.064,0.15,0.545,3.73
2029-08-02,H005,monsoon,no,19.35,0.0,0.558,0.246,0.219,0.225,0.221,0.292,0.349,4.723
2029-08-03,H003,monsoon,no,18.82,0.0,0.619,0.256,0.289,0.126,0.2,0.346,0.359,5.187
2029-08-04,H001,monsoon,no,21.33,0.0,0.421,0.3,0.369,0.221,0.175,0.308,0.276,4.988
2029-08-05,H003,monsoon,no,15.97,0.0,0.671,0.256,0.158,0.163,0.135,0.244,0.372,4.362
2029-08-06,H001,monsoon,no,14.74,0.0,0.524,0.261,0.1,0.218,0.2,0.404,0.522,4.646
2029-08-07,H004,monsoon,no,15.51,0.0,0.558,0.369,0.106,0.067,0.162,0.33,0.375,4.613
2029-08-08,H002,monsoon,no,18.82,0.0,0.584,0.372,0.228,0.243,0.19,0.218,0.456,5.425
2029-08-09,H002,monsoon,no,18.5,0.0,0.594,0.185,0.269,0.196,0.337,0.425,0.353,4.283
2029-08-10,H001,monsoon,no,17.7,0.0,0.566,0.243,0.277,0.192,0.212,0.162,0.247,4.477
2029-08-11,H005,monsoon,no,15.25,0.0,0.61,0.268,0.112,0.336,0.237,0.132,0.282,4.481
2029-08-12,H003,monsoon,no,19.03,0.0,0.581,0.342,0.149,0.149,0.167,0.216,0.238,4.811
2029-08-13,H004,monsoon,no,15.05,0.0,0.656,0.38,0.101,0.207,0.145,0.189,0.372,4.717
2029-08-14,H003,monsoon,no,19.82,0.0,0.581,0.489,0.492,0.188,0.198,0.221,0.472,5.107
2029-08-15,H004,monsoon,no,23.21,0.0,0.668,0.267,0.55,0.196,0.375,0.314,0.366,5.605
2029-08-16,H003,monsoon,no,18.23,0.0,0.604,0.271,0.1,0.358,0.18,0.247,0.319,5.009
2029-08-17,H004,monsoon,no,18.67,0.0,0.442,0.341,0.242,0.185,0.225,0.249,0.271,4.356
2029-08-18,H001,monsoon,no,16.51,0.0,0.707,0.252,0.225,0.135,0.142,0.255,0.386,4.475
2029-08-19,H005,monsoon,no,13.88,0.0,0.516,0.29,0.1,0.33,0.007,0.065,0.226,4.752
2029-08-20,H003,monsoon,no,16.29,0.0,0.64,0.271,0.105,0.155,0.145,0.129,0.237,4.367
2029-08-21,H001,monsoon,no,15.31,0.0,0.552,0.116,0.1,0.052,0.367,0.219,0.44,4.444
2029-08-22,H005,monsoon,no,14.61,0.0,0.614,0.309,0.118,0.121,0.242,0.183,0.322,4.093
2029-08-23,H001,monsoon,no,20.94,0.0,0.509,0.287,0.236,0.08,0.315,0.231,0.32,4.763
2029-08-24,H003,monsoon,no,18.05,0.0,0.588,0.389,0.307,0.036,0.176,0.362,0.333,5.413
2029-08-25,H004,monsoon,no,18.26,0.0,0.535,0.3,0.216,0.151,0.035,0.244,0.423,4.634
2029-08-26,H002,monsoon,no,16.88,0.0,0.645,0.212,0.1,0.174,0.122,0.144,0.367,4.549
2029-08-27,H002,monsoon,no,17.15,0.0,0.576,0.282,0.266,0.274,0.228,0.187,0.276,4.219
2029-08-28,H002,monsoon,no,19.43,0.0,0.606,0.154,0.144,0.23,0.217,0.387,0.279,4.319
2029-08-29,H004,monsoon,no,17.44,0.0,0.42,0.215,0.143,0.227,0.199,0.373,0.33,4.024
2029-08-30,H003,monsoon,no,18.56,0.0,0.545,0.344,0.187,0.109,0.163,0.298,0.38,4.531
2029-08-31,H003,monsoon,no,17.11,0.0,0.575,0.283,0.346,0.251,0.266,0.125,0.346,4.558
2029-09-01,H003,monsoon,no,13.52,0.0,0.563,0.365,0.1,0.291,0.165,0.275,0.338,5.089
2029-09-02,H002,monsoon,no,11.39,0.0,0.608,0.162,0.1,0.212,0.222,0.281,0.355,4.464
2029-09-03,H005,monsoon,no,10.25,0.0,0.528,0.283,0.1,0.214,0.214,0.252,0.346,4.339
2029-09-04,H002,monsoon,no,13.68,0.0,0.553,0.267,0.1,0.079,0.174,0.204,0.272,3.696
2029-09-05,H005,monsoon,no,14.32,0.0,0.621,0.367,0.125,0.264,0.138,0.221,0.461,4.755
2029-09-06,H004,monsoon,no,11.63,0.0,0.413,0.347,0.137,0.322,0.17,0.199,0.302,3.768
2029-09-07,H001,monsoon,no,14.14,0.0,0.585,0.345,0.168,0.206,0.331,0.158,0.363,4.681
2029-09-08,H001,monsoon,no,14.31,0.0,0.53,0.408,0.1,0.132,0.278,0.359,0.144,4.712
2029-09-09,H003,monsoon,no,9.89,0.0,0.495,0.274,0.1,0.167,0.271,0.321,0.328,4.848
2029-09-10,H001,monsoon,no,12.38,0.0,0.57,0.393,0.115,0.146,0.145,0.227,0.24,3.693
2029-09-11,H005,monsoon,no,15.02,0.0,0.624,0.227,0.1,0.151,0.099,0.278,0.252,4.41
2029-09-12,H003,monsoon,no,14.98,0.0,0.612,0.224,0.1,0.232,0.277,0.281,0.592,4.729
2029-09-13,H005,monsoon,no,11.9,0.0,0.542,0.353,0.1,0.202,0.263,0.437,0.375,4.919
2029-09-14,H001,monsoon,no,14.52,0.0,0.603,0.195,0.1,0.26,0.21,0.32,0.473,4.031
2029-09-15,H001,monsoon,no,16.25,0.0,0.602,0.34,0.103,0.21,0.174,0.317,0.436,4.608
2029-09-16,H004,monsoon,no,15.76,0.0,0.545,0.307,0.102,0.111,0.098,0.253,0.448,4.482
2029-09-17,H005,monsoon,no,14.02,0.0,0.508,0.375,0.109,0.14,0.261,0.215,0.33,4.848
2029-09-18,H005,monsoon,no,13.27,0.0,0.512,0.296,0.1,0.135,0.283,0.361,0.511,4.876
2029-09-19,H004,monsoon,no,12.95,0.0,0.6,0.304,0.1,0.165,0.152,0.302,0.435,4.582
2029-09-20,H004,monsoon,no,15.14,0.0,0.547,0.336,0.1,0.324,0.147,0.184,0.354,4.136
2029-09-21,H001,monsoon,no,14.6,0.0,0.487,0.254,0.1,0.336,0.287,0.286,0.376,4.266
2029-09-22,H004,monsoon,no,15.46,0.0,0.449,0.251,0.114,0.247,0.155,0.317,0.336,4.787
2029-09-23,H004,monsoon,no,14.47,0.0,0.6,0.333,0.1,0.19,0.325,0.082,0.355,4.995
2029-09-24,H002,monsoon,no,15.84,0.0,0.517,0.298,0.1,0.071,0.192,0.176,0.346,4.134
2029-09-25,H005,monsoon,no,14.39,0.0,0.57,0.271,0.1,0.198,0.173,0.279,0.388,5.049
2029-09-26,H005,monsoon,no,15.78,0.0,0.624,0.294,0.232,0.117,0.203,0.096,0.524,4.251
2029-09-27,H005,monsoon,no,15.95,0.0,0.471,0.412,0.1,0.31,0.173,0.109,0.229,4.283
2029-09-28,H005,monsoon,no,12.6,0.0,0.547,0.269,0.1,0.052,0.279,0.228,0.464,3.748
2029-09-29,H003,monsoon,no,10.59,0.0,0.54,0.267,0.1,0.211,0.262,0.289,0.313,4.896
2029-09-30,H005,monsoon,no,17.29,0.0,0.573,0.18,0.12,0.11,0.276,0.293,0.477,5.353
2029-10-01,H001,post_monsoon,yes,13.51,0.0,0.624,0.297,0.1,0.179,0.213,0.377,0.317,4.532
2029-10-02,H002,post_monsoon,yes,9.57,0.0,0.47,0.346,0.1,0.233,0.168,0.257,0.391,4.961
2029-10-03,H004,post_monsoon,yes,11.57,0.0,0.584,0.359,0.1,0.262,0.199,0.22,0.334,5.298
2029-10-04,H001,post_monsoon,yes,14.54,0.0,0.612,0.308,0.1,0.175,0.17,0.145,0.177,4.107
2029-10-05,H005,post_monsoon,yes,12.44,0.0,0.539,0.367,0.1,0.241,0.303,0.219,0.524,5.191
2029-10-06,H001,post_monsoon,yes,11.98,0.0,0.542,0.351,0.1,0.127,0.27,0.307,0.256,5.581
2029-10-07,H002,post_monsoon,yes,15.8,0.0,0.575,0.378,0.1,0.2,0.194,0.31,0.358,5.3
2029-10-08,H002,post_monsoon,yes,10.91,0.0,0.571,0.369,0.1,0.26,0.135,0.271,0.245,4.971
2029-10-09,H003,post_monsoon,yes,11.4,0.0,0.585,0.41,0.1,0.207,0.308,0.294,0.216,4.276
2029-10-10,H001,post_monsoon,yes,13.42,0.0,0.584,0.288,0.193,0.138,0.21,0.352,0.33,5.068
2029-10-11,H005,post_monsoon,yes,13.78,0.0,0.491,0.207,0.144,0.158,0.191,0.256,0.291,4.594
2029-10-12,H005,post_monsoon,yes,13.99,0.0,0.609,0.346,0.1,0.261,0.308,0.359,0.233,4.587
2029-10-13,H004,post_monsoon,yes,14.82,0.0,0.62,0.355,0.119,0.093,0.164,0.192,0.346,4.563
2029-10-14,H001,post_monsoon,yes,13.4,0.0,0.561,0.41,0.1,0.104,0.178,0.244,0.202,5.039
2029-10-15,H002,post_monsoon,yes,13.98,0.0,0.46,0.39,0.1,0.228,0.184,0.212,0.363,4.511
2029-10-16,H002,post_monsoon,yes,12.48,0.0,0.543,0.436,0.1,0.145,0.108,0.313,0.337,5.085
2029-10-17,H004,post_monsoon,yes,13.13,0.0,0.562,0.343,0.1,0.064,0.222,0.169,0.102,4.298
2029-10-18,H005,post_monsoon,yes,13.22,0.0,0.481,0.316,0.1,0.288,0.147,0.224,0.298,4.576
2029-10-19,H005,post_monsoon,yes,13.43,0.0,0.528,0.203,0.1,0.092,0.16,0.101,0.397,4.09
2029-10-20,H005,post_monsoon,yes,14.55,0.0,0.465,0.322,0.1,0.164,0.151,0.298,0.244,4.882
2029-10-21,H004,post_monsoon,yes,14.11,0.0,0.586,0.261,0.1,0.13,0.159,0.35,0.401,5.35
2029-10-22,H002,post_monsoon,yes,13.09,0.0,0.56,0.315,0.1,0.156,0.141,0.323,0.393,4.897
2029-10-23,H002,post_monsoon,yes,11.38,0.0,0.451,0.304,0.1,0.109,0.217,0.315,0.248,4.277
2029-10-24,H002,post_monsoon,yes,13.14,0.0,0.571,0.333,0.1,0.237,0.189,0.317,0.349,5.296
2029-10-25,H001,post_monsoon,yes,12.94,0.0,0.547,0.293,0.1,0.189,0.203,0.306,0.432,5.033
2029-10-26,H005,post_monsoon,yes,13.39,0.0,0.581,0.365,0.1,0.259,0.365,0.299,0.262,5.173
2029-10-27,H003,post_monsoon,yes,17.41,0.0,0.527,0.109,0.326,0.131,0.189,0.304,0.329,5.025
2029-10-28,H005,post_monsoon,yes,11.95,0.0,0.502,0.313,0.1,0.351,0.242,0.198,0.465,5.435
2029-10-29,H005,post_monsoon,yes,13.84,0.0,0.504,0.384,0.1,0.028,0.25,0.234,0.264,3.761
2029-10-30,H004,post_monsoon,yes,15.14,0.0,0.518,0.431,0.104,0.053,0.196,0.256,0.396,4.694
2029-10-31,H001,post_monsoon,yes,13.2,0.0,0.551,0.351,0.1,0.32,0.219,0.223,0.242,5.335
2029-11-01,H003,post_monsoon,yes,18.88,0.0,0.559,0.418,0.21,0.218,0.201,0.125,0.334,4.834
2029-11-02,H003,post_monsoon,yes,13.45,0.0,0.539,0.312,0.1,0.207,0.214,0.151,0.395,4.611
2029-11-03,H004,post_monsoon,yes,14.85,0.0,0.525,0.3,0.1,0.215,0.159,0.268,0.11,4.527
2029-11-04,H003,post_monsoon,yes,12.61,0.0,0.529,0.337,0.1,0.226,0.165,0.322,0.297,5.246
2029-11-05,H004,post_monsoon,yes,13.5,0.0,0.7,0.3,0.1,0.204,0.201,0.251,0.393,4.838
2029-11-06,H001,post_monsoon,yes,14.7,0.0,0.504,0.245,0.1,0.103,0.062,0.471,0.373,5.05
2029-11-07,H001,post_monsoon,yes,15.9,0.0,0.517,0.264,0.173,0.245,0.305,0.176,0.298,4.388
2029-11-08,H005,post_monsoon,yes,14.84,0.0,0.748,0.222,0.1,0.233,0.351,0.286,0.24,4.843
2029-11-09,H003,post_monsoon,yes,16.72,0.0,0.575,0.337,0.1,0.294,0.212,0.353,0.413,4.887
2029-11-10,H005,post_monsoon,yes,14.02,0.0,0.467,0.301,0.1,0.321,0.247,0.335,0.318,5.866
2029-11-11,H005,post_monsoon,yes,13.54,0.0,0.601,0.275,0.1,0.206,0.276,0.302,0.405,5.215
2029-11-12,H001,post_monsoon,yes,19.61,0.0,0.495,0.26,0.195,0.082,0.107,0.336,0.388,4.357
2029-11-13,H004,post_monsoon,yes,14.99,0.0,0.605,0.335,0.152,0.322,0.265,0.254,0.305,4.31
2029-11-14,H001,post_monsoon,yes,12.77,0.0,0.537,0.355,0.1,0.099,0.17,0.383,0.457,4.514
2029-11-15,H001,post_monsoon,yes,12.82,0.0,0.524,0.221,0.1,0.207,0.36,0.353,0.291,5.02
2029-11-16,H002,post_monsoon,yes,12.32,0.0,0.647,0.21,0.1,0.159,0.187,0.182,0.469,4.814
2029-11-17,H004,post_monsoon,yes,16.08,0.0,0.584,0.367,0.1,0.146,0.264,0.276,0.482,5.071
2029-11-18,H001,post_monsoon,yes,13.48,0.0,0.608,0.204,0.1,0.241,0.188,0.126,0.455,4.733
2029-11-19,H004,post_monsoon,yes,14.46,0.0,0.576,0.338,0.1,0.2,0.354,0.372,0.332,5.735
2029-11-20,H002,post_monsoon,yes,14.08,0.0,0.523,0.413,0.1,0.221,0.164,0.268,0.605,5.962
2029-11-21,H002,post_monsoon,yes,15.67,0.0,0.587,0.413,0.1,0.115,0.282,0.358,0.365,5.39
2029-11-22,H002,post_monsoon,yes,12.51,0.0,0.623,0.352,0.1,0.166,0.244,0.241,0.374,5.373
2029-11-23,H002,post_monsoon,yes,12.05,0.0,0.558,0.35,0.1,0.118,0.228,0.101,0.348,5.04
2029-11-24,H002,post_monsoon,yes,14.65,0.0,0.658,0.458,0.1,0.164,0.216,0.461,0.237,6.271
2029-11-25,H002,post_monsoon,yes,15.41,0.0,0.601,0.137,0.208,0.17,0.153,0.26,0.48,4.969
2029-11-26,H003,post_monsoon,yes,14.87,0.0,0.563,0.267,0.1,0.328,0.019,0.17,0.293,4.117
2029-11-27,H005,post_monsoon,yes,12.59,0.0,0.565,0.359,0.1,0.159,0.275,0.342,0.442,5.649
2029-11-28,H003,post_monsoon,yes,15.56,0.0,0.558,0.276,0.1,0.01,0.166,0.413,0.466,4.36
2029-11-29,H001,post_monsoon,yes,12.72,0.0,0.475,0.387,0.1,0.292,0.282,0.234,0.41,4.56
2029-11-30,H004,post_monsoon,yes,13.16,0.0,0.545,0.297,0.1,0.216,0.225,0.242,0.281,4.269
2029-12-01,H005,winter,no,15.61,0.0,0.563,0.309,0.125,0.17,0.284,0.469,0.316,5.124
2029-12-02,H003,winter,no,20.1,0.0,0.525,0.281,0.247,0.145,0.256,0.361,0.082,4.078
2029-12-03,H003,winter,no,18.77,0.0,0.57,0.263,0.199,0.104,0.027,0.395,0.338,3.877
2029-12-04,H004,winter,no,18.71,0.0,0.551,0.262,0.15,0.335,0.243,0.593,0.43,5.047
2029-12-05,H005,winter,no,19.99,0.0,0.596,0.319,0.24,0.184,0.176,0.439,0.326,4.45
2029-12-06,H001,winter,no,23.13,0.0,0.59,0.246,0.416,0.041,0.282,0.383,0.291,5.169
2029-12-07,H005,winter,no,14.08,0.0,0.56,0.367,0.1,0.206,0.241,0.414,0.32,4.773
2029-12-08,H005,winter,no,16.02,0.0,0.468,0.346,0.1,0.276,0.242,0.536,0.472,5.614
2029-12-09,H005,winter,no,16.27,0.0,0.657,0.377,0.133,0.193,0.181,0.292,0.345,5.212
2029-12-10,H003,winter,no,15.8,0.0,0.541,0.221,0.193,0.108,0.136,0.47,0.536,4.662
2029-12-11,H005,winter,no,15.34,0.0,0.545,0.181,0.1,0.101,0.17,0.647,0.293,4.982
2029-12-12,H001,winter,no,16.9,0.0,0.529,0.3,0.166,0.107,0.074,0.612,0.372,4.903
2029-12-13,H003,winter,no,15.07,0.0,0.521,0.503,0.1,0.302,0.159,0.496,0.307,4.902
2029-12-14,H005,winter,no,18.17,0.0,0.643,0.389,0.133,0.174,0.098,0.555,0.557,4.584
2029-12-15,H002,winter,no,17.6,0.0,0.633,0.261,0.215,0.046,0.099,0.555,0.368,5.284
2029-12-16,H004,winter,no,18.46,0.0,0.577,0.33,0.185,0.211,0.208,0.44,0.563,5.01
2029-12-17,H002,winter,no,18.52,0.0,0.544,0.351,0.133,0.191,0.237,0.524,0.308,5.032
2029-12-18,H003,winter,no,18.71,0.0,0.587,0.204,0.344,0.144,0.198,0.593,0.503,5.26
2029-12-19,H004,winter,no,16.75,0.0,0.554,0.396,0.234,0.098,0.165,0.349,0.362,4.182
2029-12-20,H005,winter,no,21.74,0.0,0.539,0.288,0.205,0.095,0.134,0.496,0.434,4.825
2029-12-21,H002,winter,no,17.97,0.0,0.57,0.294,0.1,0.267,0.178,0.479,0.228,4.785
2029-12-22,H004,winter,no,13.78,0.0,0.524,0.302,0.1,0.2,0.142,0.458,0.385,5.074
2029-12-23,H003,winter,no,15.5,0.0,0.565,0.38,0.1,0.218,0.196,0.451,0.243,5.134
2029-12-24,H002,winter,no,14.02,0.0,0.562,0.247,0.171,0.2,0.093,0.469,0.376,4.45
2029-12-25,H001,winter,no,17.53,0.0,0.586,0.181,0.241,0.206,0.249,0.475,0.198,4.955
2029-12-26,H001,winter,no,17.26,0.0,0.513,0.323,0.204,0.143,0.16,0.539,0.341,4.568
2029-12-27,H004,winter,no,16.56,0.0,0.593,0.157,0.1,0.164,0.226,0.488,0.46,4.379
2029-12-28,H001,winter,no,21.52,0.0,0.496,0.279,0.39,0.273,0.262,0.436,0.405,5.411
2029-12-29,H001,winter,no,18.6,0.0,0.516,0.383,0.132,0.293,0.223,0.383,0.227,5.406
2029-12-30,H001,winter,no,18.95,0.0,0.518,0.341,0.353,0.082,0.256,0.412,0.16,5.234
2029-12-31,H002,winter,no,15.64,0.0,0.486,0.373,0.149,0.163,0.055,0.471,0.4,4.549
2030-01-01,H001,winter,no,20.0,0.0,0.611,0.343,0.224,0.247,0.166,0.394,0.508,4.405
2030-01-02,H003,winter,no,22.07,0.0,0.492,0.469,0.437,0.331,0.277,0.526,0.254,6.036
2030-01-03,H005,winter,no,22.35,0.0,0.508,0.259,0.563,0.323,0.236,0.484,0.56,4.957
2030-01-04,H003,winter,no,18.29,0.0,0.625,0.328,0.204,0.116,0.329,0.541,0.349,5.343
2030-01-05,H004,winter,no,21.64,0.0,0.516,0.269,0.4,0.282,0.319,0.399,0.154,6.065
2030-01-06,H005,winter,no,22.03,0.0,0.539,0.367,0.337,0.185,0.221,0.384,0.194,5.203
2030-01-07,H005,winter,no,21.57,0.0,0.489,0.296,0.36,0.264,0.182,0.541,0.427,5.321
2030-01-08,H004,winter,no,20.37,0.0,0.6,0.42,0.184,0.243,0.133,0.46,0.363,5.15
2030-01-09,H001,winter,no,20.92,0.0,0.601,0.263,0.327,0.079,0.167,0.434,0.498,4.991
2030-01-10,H004,winter,no,21.65,0.0,0.594,0.398,0.359,0.224,0.171,0.506,0.23,5.973
2030-01-11,H004,winter,no,22.18,0.0,0.582,0.342,0.521,0.26,0.158,0.503,0.362,5.134
2030-01-12,H002,winter,no,23.21,0.0,0.554,0.298,0.275,0.178,0.136,0.35,0.351,4.677
2030-01-13,H001,winter,no,24.16,0.0,0.519,0.338,0.434,0.16,0.228,0.561,0.336,5.477
2030-01-14,H001,winter,no,21.41,0.0,0.501,0.318,0.45,0.054,0.319,0.417,0.312,5.546
2030-01-15,H002,winter,no,21.09,0.0,0.627,0.325,0.314,0.235,0.265,0.586,0.314,5.188
2030-01-16,H004,winter,no,22.88,0.0,0.596,0.286,0.391,0.197,0.177,0.343,0.367,5.08
2030-01-17,H005,winter,no,23.22,0.0,0.508,0.251,0.352,0.106,0.271,0.475,0.38,5.302
2030-01-18,H001,winter,no,21.13,0.0,0.552,0.277,0.261,0.154,0.224,0.435,0.375,5.12
2030-01-19,H003,winter,no,23.58,0.0,0.532,0.182,0.287,0.192,0.197,0.292,0.471,5.357
2030-01-20,H005,winter,no,23.96,0.0,0.482,0.359,0.398,0.135,0.193,0.503,0.23,5.75
2030-01-21,H001,winter,no,24.58,0.037,0.561,0.214,0.394,0.18,0.186,0.296,0.169,4.816
2030-01-22,H005,winter,no,25.56,0.0,0.525,0.285,0.522,0.04,0.246,0.427,0.452,4.904
2030-01-23,H001,winter,no,20.27,0.0,0.493,0.345,0.238,0.288,0.21,0.538,0.256,5.075
2030-01-24,H002,winter,no,22.03,0.0,0.461,0.359,0.333,0.181,0.149,0.408,0.312,4.631
2030-01-25,H001,winter,no,22.02,0.0,0.456,0.176,0.335,0.092,0.146,0.378,0.289,5.23
2030-01-26,H004,winter,no,21.8,0.0,0.528,0.294,0.358,0.0,0.221,0.514,0.287,4.926
2030-01-27,H003,winter,no,20.7,0.0,0.545,0.332,0.276,0.262,0.23,0.43,0.204,5.416
2030-01-28,H003,winter,no,19.03,0.0,0.497,0.304,0.166,0.225,0.178,0.418,0.293,4.103
2030-01-29,H003,winter,no,22.19,0.0,0.589,0.394,0.384,0.197,0.121,0.552,0.415,5.37
2030-01-30,H002,winter,no,20.46,0.0,0.546,0.242,0.394,0.249,0.288,0.357,0.35,4.927
2030-01-31,H004,winter,no,22.17,0.0,0.585,0.157,0.387,0.249,0.273,0.413,0.4,5.329
2030-02-01,H003,winter,no,24.91,0.0,0.539,0.357,0.438,0.196,0.061,0.519,0.3,5.29
2030-02-02,H004,winter,no,24.3,0.0,0.503,0.262,0.452,0.16,0.294,0.351,0.44,5.874
2030-02-03,H004,winter,no,26.97,0.336,0.557,0.177,0.405,0.147,0.185,0.592,0.299,7.519
2030-02-04,H004,winter,no,26.8,0.2,0.474,0.289,0.551,0.214,0.213,0.433,0.139,5.913
2030-02-05,H005,winter,no,27.66,0.248,0.582,0.386,0.564,0.292,0.28,0.52,0.382,6.673
2030-02-06,H003,winter,no,30.87,0.76,0.494,0.212,0.65,0.172,0.316,0.52,0.427,8.991
2030-02-07,H002,winter,no,27.05,0.231,0.605,0.464,0.512,0.298,0.27,0.438,0.294,6.863
2030-02-08,H004,winter,no,27.47,0.296,0.53,0.241,0.556,0.21,0.217,0.412,0.47,6.799
2030-02-09,H004,winter,no,24.34,0.0,0.614,0.306,0.543,0.21,0.104,0.447,0.265,5.581
2030-02-10,H003,winter,no,23.93,0.045,0.483,0.215,0.534,0.372,0.058,0.507,0.417,5.662
2030-02-11,H002,winter,no,29.67,0.404,0.509,0.303,0.602,0.312,0.261,0.371,0.524,8.073
2030-02-12,H005,winter,no,24.65,0.0,0.573,0.291,0.435,0.314,0.294,0.354,0.354,4.748
2030-02-13,H002,winter,no,24.41,0.0,0.62,0.196,0.427,0.116,0.143,0.569,0.327,4.842
2030-02-14,H001,winter,no,26.42,0.115,0.65,0.498,0.612,0.355,0.181,0.391,0.339,5.967
2030-02-15,H004,winter,no,26.32,0.237,0.552,0.265,0.554,0.173,0.161,0.478,0.513,6.453
2030-02-16,H001,winter,no,24.69,0.027,0.66,0.265,0.485,0.162,0.159,0.434,0.39,6.112
2030-02-17,H004,winter,no,25.89,0.107,0.533,0.368,0.569,0.007,0.275,0.437,0.564,6.127
2030-02-18,H005,winter,no,28.96,0.473,0.616,0.427,0.601,0.206,0.215,0.564,0.378,8.164
2030-02-19,H004,winter,no,24.89,0.0,0.493,0.379,0.595,0.093,0.184,0.443,0.285,5.305
2030-02-20,H002,winter,no,23.71,0.0,0.575,0.216,0.438,0.213,0.386,0.421,0.292,5.079
2030-02-21,H005,winter,no,28.39,0.417,0.409,0.315,0.557,0.087,0.1,0.428,0.356,7.006
2030-02-22,H001,winter,no,27.48,0.296,0.483,0.168,0.571,0.324,0.238,0.41,0.146,6.563
2030-02-23,H001,winter,no,25.26,0.053,0.578,0.363,0.599,0.224,0.127,0.396,0.303,5.449
2030-02-24,H002,winter,no,23.34,0.0,0.471,0.186,0.389,0.362,0.189,0.41,0.305,5.125
2030-02-25,H003,winter,no,25.01,0.0,0.576,0.244,0.566,0.098,0.21,0.583,0.374,5.459
2030-02-26,H004,winter,no,26.39,0.09,0.604,0.3,0.496,0.304,0.259,0.507,0.544,6.649
2030-02-27,H002,winter,no,28.83,0.339,0.52,0.331,0.582,0.036,0.182,0.422,0.355,7.139
2030-02-28,H005,winter,no,24.43,0.0,0.492,0.282,0.52,0.197,0.174,0.529,0.158,5.742
2030-03-01,H005,summer,no,29.63,0.598,0.522,0.406,0.605,0.129,0.18,0.123,0.259,7.853
2030-03-02,H002,summer,no,31.14,0.808,0.492,0.351,0.802,0.144,0.124,0.36,0.376,9.502
2030-03-03,H001,summer,no,25.03,0.0,0.544,0.345,0.519,0.139,0.244,0.354,0.359,5.415
2030-03-04,H004,summer,no,31.86,1.001,0.556,0.214,0.695,0.107,0.22,0.429,0.512,10.324
2030-03-05,H001,summer,no,27.43,0.255,0.532,0.419,0.581,0.079,0.23,0.331,0.446,6.312
2030-03-06,H002,summer,no,30.46,0.696,0.65,0.244,0.664,0.145,0.195,0.285,0.443,8.831
2030-03-07,H004,summer,no,30.29,0.729,0.507,0.422,0.729,0.189,0.186,0.353,0.328,9.142
2030-03-08,H001,summer,no,31.96,0.791,0.633,0.442,0.92,0.273,0.282,0.2,0.46,9.44
2030-03-09,H002,summer,no,30.9,0.693,0.488,0.336,0.696,0.204,0.272,0.218,0.26,9.235
2030-03-10,H005,summer,no,25.04,0.019,0.554,0.372,0.534,0.273,0.299,0.245,0.447,5.13
2030-03-11,H004,summer,no,28.22,0.632,0.621,0.1,0.621,0.062,0.226,0.36,0.322,7.962
2030-03-12,H004,summer,no,30.07,0.658,0.618,0.286,0.695,0.145,0.295,0.182,0.205,8.678
2030-03-13,H005,summer,no,29.4,0.679,0.525,0.377,0.653,0.237,0.171,0.173,0.409,8.694
2030-03-14,H004,summer,no,30.75,0.815,0.583,0.365,0.651,0.207,0.186,0.269,0.49,9.299
2030-03-15,H003,summer,no,31.37,0.826,0.575,0.215,0.772,0.111,0.284,0.307,0.309,9.996
2030-03-16,H004,summer,no,31.01,0.672,0.518,0.279,0.707,0.255,0.259,0.194,0.506,8.851
2030-03-17,H003,summer,no,29.37,0.63,0.587,0.122,0.592,0.137,0.18,0.304,0.184,7.458
2030-03-18,H002,summer,no,26.1,0.018,0.662,0.329,0.615,0.118,0.127,0.359,0.23,5.295
2030-03-19,H005,summer,no,28.88,0.613,0.578,0.168,0.653,0.219,0.186,0.346,0.335,7.549
2030-03-20,H003,summer,no,30.63,0.719,0.584,0.379,0.697,0.18,0.152,0.278,0.313,8.484
2030-03-21,H004,summer,no,27.61,0.115,0.59,0.383,0.702,0.138,0.321,0.243,0.283,6.047
2030-03-22,H003,summer,no,31.06,0.73,0.462,0.267,0.585,0.135,0.253,0.389,0.363,8.525
2030-03-23,H001,summer,no,31.61,0.879,0.578,0.336,0.856,0.094,0.146,0.251,0.297,10.077
2030-03-24,H001,summer,no,30.05,0.612,0.489,0.285,0.622,0.148,0.127,0.325,0.314,7.861
2030-03-25,H005,summer,no,23.67,0.0,0.515,0.317,0.454,0.268,0.146,0.407,0.378,5.4
2030-03-26,H003,summer,no,27.24,0.212,0.68,0.22,0.532,0.2,0.161,0.317,0.283,5.462
2030-03-27,H003,summer,no,33.57,0.966,0.535,0.344,0.759,0.257,0.188,0.17,0.339,10.457
2030-03-28,H001,summer,no,28.7,0.457,0.506,0.185,0.743,0.221,0.278,0.151,0.285,7.026
2030-03-29,H004,summer,no,25.83,0.106,0.619,0.172,0.672,0.131,0.132,0.226,0.229,5.776
2030-03-30,H002,summer,no,32.26,0.88,0.493,0.291,0.763,0.048,0.36,0.307,0.426,9.72
2030-03-31,H003,summer,no,29.82,0.701,0.523,0.285,0.71,0.106,0.134,0.286,0.521,9.631
2030-04-01,H002,summer,no,33.21,0.958,0.625,0.319,0.823,0.126,0.101,0.427,0.456,10.002
2030-04-02,H002,summer,no,31.55,0.844,0.553,0.255,0.891,0.12,0.318,0.285,0.383,9.021
2030-04-03,H001,summer,no,31.92,0.87,0.456,0.432,0.598,0.258,0.292,0.224,0.286,9.485
2030-04-04,H005,summer,no,31.73,0.716,0.583,0.311,0.789,0.258,0.187,0.159,0.321,9.206
2030-04-05,H001,summer,no,32.39,0.819,0.526,0.316,0.728,0.357,0.227,0.344,0.456,10.02
2030-04-06,H001,summer,no,35.55,1.32,0.642,0.314,0.724,0.119,0.228,0.25,0.122,12.344
2030-04-07,H002,summer,no,32.94,1.151,0.514,0.37,0.779,0.308,0.21,0.13,0.314,11.59
2030-04-08,H005,summer,no,27.84,0.401,0.613,0.34,0.751,0.307,0.109,0.252,0.423,7.155
2030-04-09,H004,summer,no,31.89,0.724,0.657,0.331,0.713,0.161,0.026,0.17,0.236,8.709
2030-04-10,H005,summer,no,33.28,0.787,0.499,0.352,0.885,0.218,0.141,0.216,0.392,9.252
2030-04-11,H002,summer,no,33.41,1.109,0.538,0.172,0.922,0.279,0.327,0.25,0.388,10.841
2030-04-12,H005,summer,no,30.15,0.636,0.573,0.175,0.695,0.175,0.33,0.178,0.205,8.125
2030-04-13,H001,summer,no,33.33,1.133,0.499,0.295,0.833,0.169,0.182,0.211,0.359,11.095
2030-04-14,H001,summer,no,32.86,0.911,0.566,0.286,0.667,0.13,0.133,0.19,0.288,10.169
2030-04-15,H003,summer,no,36.15,1.421,0.537,0.341,0.879,0.0,0.219,0.193,0.392,11.996
2030-04-16,H003,summer,no,29.5,0.63,0.535,0.301,0.743,0.186,0.231,0.169,0.417,8.081
2030-04-17,H002,summer,no,29.99,0.587,0.553,0.341,0.694,0.123,0.242,0.211,0.39,7.789
2030-04-18,H001,summer,no,30.39,0.639,0.554,0.213,0.735,0.094,0.023,0.178,0.357,8.482
2030-04-19,H002,summer,no,30.02,0.629,0.56,0.299,0.701,0.214,0.421,0.297,0.379,8.45
2030-04-20,H002,summer,no,29.22,0.571,0.514,0.206,0.834,0.064,0.279,0.266,0.232,8.611
2030-04-21,H004,summer,no,25.47,0.058,0.517,0.327,0.475,0.244,0.186,0.346,0.347,5.312
2030-04-22,H002,summer,no,30.13,0.719,0.543,0.169,0.824,0.219,0.15,0.401,0.27,9.011
2030-04-23,H002,summer,no,31.74,0.805,0.547,0.324,0.77,0.148,0.269,0.304,0.453,9.551
2030-04-24,H003,summer,no,30.01,0.52,0.524,0.197,0.826,0.175,0.235,0.286,0.418,8.297
2030-04-25,H003,summer,no,34.87,1.392,0.569,0.273,0.787,0.085,0.206,0.309,0.418,12.574
2030-04-26,H003,summer,no,31.03,0.705,0.441,0.363,0.746,0.24,0.232,0.287,0.521,8.988
2030-04-27,H001,summer,no,33.58,1.027,0.506,0.316,0.802,0.195,0.192,0.254,0.317,10.468
2030-04-28,H005,summer,no,31.52,0.81,0.533,0.185,0.762,0.201,0.228,0.248,0.295,10.002
2030-04-29,H003,summer,no,32.65,0.962,0.499,0.253,0.894,0.22,0.251,0.168,0.315,9.762
2030-04-30,H002,summer,no,31.56,0.789,0.648,0.195,0.783,0.129,0.224,0.317,0.19,8.261
2030-05-01,H004,summer,no,32.53,0.94,0.551,0.181,0.889,0.058,0.22,0.247,0.198,8.948
2030-05-02,H003,summer,no,29.91,0.61,0.561,0.308,0.633,0.257,0.298,0.366,0.412,7.989
2030-05-03,H001,summer,no,30.79,0.737,0.521,0.339,0.656,0.235,0.088,0.323,0.21,8.862
2030-05-04,H004,summer,no,30.53,0.502,0.549,0.331,0.712,0.137,0.144,0.2,0.243,8.476
2030-05-05,H001,summer,no,29.22,0.678,0.477,0.342,0.656,0.213,0.202,0.35,0.34,8.212
2030-05-06,H002,summer,no,30.6,0.689,0.54,0.299,0.699,0.281,0.149,0.045,0.309,7.988
2030-05-07,H004,summer,no,34.26,1.204,0.494,0.281,0.784,0.271,0.172,0.404,0.439,11.576
2030-05-08,H004,summer,no,29.25,0.421,0.533,0.225,0.756,0.135,0.29,0.143,0.356,7.603
2030-05-09,H005,summer,no,30.63,0.666,0.396,0.269,0.686,0.061,0.19,0.29,0.27,7.709
2030-05-10,H004,summer,no,32.31,0.86,0.482,0.208,0.896,0.075,0.072,0.284,0.447,9.502
2030-05-11,H002,summer,no,32.07,1.002,0.638,0.241,0.774,0.155,0.17,0.34,0.423,10.649
2030-05-12,H004,summer,no,29.82,0.555,0.6,0.306,0.735,0.297,0.204,0.224,0.209,9.242
2030-05-13,H004,summer,no,25.03,0.064,0.629,0.292,0.536,0.122,0.203,0.078,0.375,5.059
2030-05-14,H004,summer,no,30.83,0.676,0.633,0.515,0.657,0.132,0.239,0.224,0.278,8.771
2030-05-15,H004,summer,no,25.36,0.008,0.59,0.206,0.534,0.131,0.233,0.232,0.276,4.792
2030-05-16,H005,summer,no,32.73,0.947,0.523,0.291,0.954,0.137,0.19,0.086,0.537,9.822
2030-05-17,H003,summer,no,30.13,0.744,0.488,0.2,0.715,0.179,0.116,0.254,0.362,8.901
2030-05-18,H005,summer,no,31.79,0.698,0.619,0.273,0.834,0.078,0.169,0.164,0.328,8.425
2030-05-19,H004,summer,no,27.99,0.268,0.554,0.276,0.665,0.267,0.156,0.302,0.358,6.186
2030-05-20,H001,summer,no,26.69,0.055,0.7,0.359,0.582,0.168,0.18,0.23,0.437,5.462
2030-05-21,H001,summer,no,30.32,0.577,0.528,0.269,0.718,0.378,0.248,0.407,0.28,8.734
2030-05-22,H003,summer,no,29.73,0.526,0.668,0.287,0.723,0.086,0.228,0.23,0.297,7.514
2030-05-23,H003,summer,no,28.81,0.347,0.541,0.27,0.704,0.307,0.258,0.284,0.416,7.227
2030-05-24,H005,summer,no,29.96,0.562,0.63,0.202,0.58,0.291,0.173,0.233,0.198,7.282
2030-05-25,H004,summer,no,35.33,1.13,0.652,0.254,0.923,0.147,0.306,0.12,0.449,11.808
2030-05-26,H001,summer,no,31.46,0.726,0.489,0.273,0.734,0.148,0.247,0.234,0.189,9.071
2030-05-27,H003,summer,no,31.89,0.958,0.521,0.305,0.734,0.106,0.208,0.31,0.325,9.879
2030-05-28,H003,summer,no,31.48,0.843,0.488,0.339,0.853,0.107,0.242,0.298,0.19,9.381
2030-05-29,H005,summer,no,32.75,0.984,0.476,0.284,0.741,0.18,0.153,0.227,0.244,9.273
2030-05-30,H004,summer,no,29.41,0.472,0.59,0.282,0.555,0.182,0.052,0.133,0.48,6.626
2030-05-31,H001,summer,no,25.68,0.0,0.538,0.18,0.581,0.052,0.158,0.302,0.454,4.72
2030-06-01,H001,summer,no,26.12,0.049,0.553,0.338,0.421,0.363,0.252,0.284,0.465,6.074
2030-06-02,H002,summer,no,28.12,0.387,0.583,0.251,0.461,0.159,0.206,0.317,0.205,7.221
2030-06-03,H003,summer,no,24.56,0.015,0.439,0.352,0.545,0.185,0.19,0.228,0.245,4.632
2030-06-04,H001,summer,no,26.15,0.216,0.627,0.392,0.549,0.13,0.141,0.115,0.384,6.151
2030-06-05,H004,summer,no,25.12,0.065,0.529,0.287,0.532,0.159,0.063,0.293,0.422,5.623
2030-06-06,H001,summer,no,29.5,0.504,0.582,0.228,0.635,0.151,0.3,0.249,0.27,7.474
2030-06-07,H001,summer,no,28.0,0.377,0.587,0.299,0.499,0.18,0.185,0.361,0.292,6.992
2030-06-08,H001,summer,no,27.8,0.325,0.632,0.324,0.507,0.179,0.17,0.252,0.237,6.758
2030-06-09,H001,summer,no,27.74,0.327,0.544,0.278,0.578,0.244,0.153,0.246,0.516,7.057
2030-06-10,H003,summer,no,26.43,0.341,0.423,0.261,0.445,0.198,0.288,0.283,0.303,6.486
2030-06-11,H005,summer,no,26.9,0.096,0.553,0.339,0.59,0.236,0.262,0.202,0.353,6.178
2030-06-12,H005,summer,no,24.13,0.0,0.562,0.335,0.418,0.179,0.132,0.198,0.358,4.987
2030-06-13,H005,summer,no,22.13,0.0,0.488,0.276,0.39,0.199,0.282,0.242,0.461,5.134
2030-06-14,H004,summer,no,26.8,0.108,0.559,0.184,0.574,0.161,0.19,0.176,0.255,4.97
2030-06-15,H003,summer,no,27.15,0.217,0.528,0.332,0.607,0.26,0.157,0.232,0.467,6.268
2030-06-16,H002,summer,no,28.92,0.447,0.469,0.246,0.687,0.206,0.179,0.405,0.222,7.762
2030-06-17,H003,summer,no,29.64,0.562,0.59,0.315,0.648,0.167,0.145,0.333,0.467,8.515
2030-06-18,H005,summer,no,29.64,0.452,0.516,0.311,0.69,0.165,0.108,0.275,0.178,7.656
2030-06-19,H001,summer,no,24.5,0.0,0.526,0.168,0.489,0.171,0.254,0.374,0.34,4.042
2030-06-20,H005,summer,no,25.8,0.153,0.522,0.306,0.328,0.182,0.185,0.184,0.513,6.294
2030-06-21,H005,summer,no,27.46,0.348,0.624,0.336,0.64,0.175,0.243,0.449,0.42,7.467
2030-06-22,H001,summer,no,31.56,0.751,0.548,0.345,0.765,0.135,0.22,0.213,0.392,9.596
2030-06-23,H002,summer,no,29.46,0.564,0.555,0.308,0.714,0.241,0.238,0.41,0.245,7.964
2030-06-24,H002,summer,no,28.74,0.395,0.524,0.162,0.537,0.246,0.057,0.41,0.277,6.701
2030-06-25,H005,summer,no,25.72,0.064,0.578,0.389,0.494,0.323,0.139,0.11,0.484,5.648
2030-06-26,H003,summer,no,24.73,0.139,0.631,0.329,0.392,0.132,0.24,0.367,0.397,5.357
2030-06-27,H004,summer,no,28.08,0.392,0.589,0.216,0.673,0.233,0.111,0.227,0.439,6.001
2030-06-28,H004,summer,no,24.3,0.0,0.591,0.245,0.35,0.027,0.226,0.205,0.357,4.549
2030-06-29,H001,summer,no,26.02,0.142,0.586,0.316,0.457,0.246,0.103,0.292,0.322,5.93
2030-06-30,H004,summer,no,26.27,0.051,0.467,0.348,0.584,0.063,0.201,0.169,0.427,5.809
2030-07-01,H004,monsoon,no,25.19,0.0,0.497,0.266,0.447,0.101,0.313,0.29,0.376,4.748
2030-07-02,H005,monsoon,no,21.29,0.0,0.538,0.358,0.267,0.207,0.254,0.175,0.333,4.572
2030-07-03,H005,monsoon,no,17.12,0.0,0.506,0.175,0.247,0.13,0.07,0.264,0.209,4.263
2030-07-04,H003,monsoon,no,23.01,0.0,0.486,0.227,0.486,0.119,0.259,0.357,0.445,5.286
2030-07-05,H005,monsoon,no,20.6,0.0,0.438,0.155,0.372,0.141,0.328,0.281,0.394,4.344
2030-07-06,H001,monsoon,no,22.09,0.0,0.469,0.237,0.441,0.238,0.396,0.221,0.289,5.511
2030-07-07,H004,monsoon,no,21.83,0.0,0.535,0.406,0.345,0.105,0.233,0.293,0.468,5.057
2030-07-08,H003,monsoon,no,21.45,0.0,0.546,0.444,0.332,0.176,0.104,0.137,0.374,4.554
2030-07-09,H001,monsoon,no,23.58,0.0,0.502,0.316,0.381,0.15,0.23,0.183,0.376,4.83
2030-07-10,H003,monsoon,no,18.93,0.0,0.555,0.255,0.261,0.246,0.312,0.216,0.438,5.09
2030-07-11,H004,monsoon,no,20.97,0.0,0.524,0.284,0.286,0.248,0.187,0.313,0.417,4.907
2030-07-12,H003,monsoon,no,23.37,0.0,0.615,0.333,0.39,0.033,0.273,0.282,0.379,4.434
2030-07-13,H004,monsoon,no,20.77,0.0,0.54,0.191,0.369,0.264,0.141,0.293,0.331,4.359
2030-07-14,H004,monsoon,no,18.78,0.0,0.592,0.26,0.336,0.131,0.226,0.248,0.548,5.118
2030-07-15,H003,monsoon,no,23.34,0.0,0.562,0.4,0.455,0.199,0.026,0.187,0.277,4.924
2030-07-16,H002,monsoon,no,24.25,0.0,0.466,0.227,0.603,0.105,0.133,0.369,0.425,5.022
2030-07-17,H002,monsoon,no,21.91,0.0,0.545,0.248,0.31,0.21,0.2,0.194,0.342,4.603
2030-07-18,H004,monsoon,no,18.08,0.0,0.476,0.301,0.1,0.384,0.175,0.284,0.395,4.635
2030-07-19,H005,monsoon,no,23.41,0.0,0.544,0.32,0.484,0.19,0.109,0.241,0.473,4.979
2030-07-20,H003,monsoon,no,18.68,0.0,0.505,0.256,0.175,0.143,0.165,0.295,0.319,4.311
2030-07-21,H003,monsoon,no,22.62,0.0,0.573,0.305,0.373,0.161,0.223,0.202,0.41,5.357
2030-07-22,H005,monsoon,no,20.23,0.0,0.469,0.343,0.157,0.062,0.194,0.334,0.377,4.67
2030-07-23,H002,monsoon,no,19.68,0.0,0.551,0.437,0.205,0.296,0.204,0.36,0.286,4.805
2030-07-24,H005,monsoon,no,21.12,0.0,0.584,0.291,0.214,0.205,0.251,0.329,0.476,5.049
2030-07-25,H002,monsoon,no,21.63,0.0,0.604,0.297,0.321,0.096,0.176,0.263,0.421,4.057
2030-07-26,H002,monsoon,no,20.71,0.0,0.504,0.407,0.287,0.099,0.295,0.215,0.307,4.632
2030-07-27,H002,monsoon,no,23.18,0.0,0.551,0.262,0.424,0.181,0.131,0.476,0.46,5.401
2030-07-28,H001,monsoon,no,21.11,0.0,0.561,0.207,0.433,0.255,0.335,0.171,0.267,5.55
2030-07-29,H003,monsoon,no,23.96,0.0,0.643,0.318,0.503,0.088,0.278,0.32,0.347,5.003
2030-07-30,H002,monsoon,no,22.56,0.0,0.461,0.375,0.263,0.269,0.175,0.277,0.307,4.94
2030-07-31,H002,monsoon,no,20.6,0.0,0.495,0.325,0.363,0.173,0.18,0.245,0.425,4.55
2030-08-01,H004,monsoon,no,15.77,0.0,0.718,0.293,0.13,0.106,0.214,0.265,0.302,3.716
2030-08-02,H003,monsoon,no,14.21,0.0,0.534,0.199,0.1,0.143,0.242,0.209,0.426,4.183
2030-08-03,H001,monsoon,no,18.08,0.0,0.437,0.296,0.211,0.32,0.277,0.284,0.409,5.181
2030-08-04,H001,monsoon,no,16.79,0.0,0.515,0.386,0.178,0.069,0.106,0.275,0.312,4.66
2030-08-05,H005,monsoon,no,12.76,0.0,0.384,0.214,0.1,0.121,0.231,0.464,0.533,4.588
2030-08-06,H002,monsoon,no,16.43,0.0,0.564,0.283,0.133,0.256,0.052,0.336,0.275,4.227
2030-08-07,H002,monsoon,no,15.7,0.0,0.599,0.273,0.213,0.197,0.188,0.291,0.209,4.368
2030-08-08,H001,monsoon,no,20.65,0.0,0.495,0.251,0.26,0.117,0.302,0.296,0.436,4.243
2030-08-09,H005,monsoon,no,14.09,0.0,0.522,0.317,0.1,0.257,0.101,0.397,0.135,3.66
2030-08-10,H002,monsoon,no,14.62,0.0,0.605,0.331,0.1,0.261,0.088,0.172,0.499,4.813
2030-08-11,H004,monsoon,no,19.72,0.0,0.445,0.33,0.188,0.207,0.215,0.235,0.36,4.518
2030-08-12,H003,monsoon,no,20.21,0.0,0.471,0.232,0.161,0.131,0.297,0.097,0.207,4.331
2030-08-13,H005,monsoon,no,16.01,0.0,0.536,0.185,0.103,0.143,0.223,0.295,0.255,3.425
2030-08-14,H003,monsoon,no,16.24,0.0,0.505,0.318,0.255,0.203,0.067,0.318,0.187,4.442
2030-08-15,H005,monsoon,no,18.73,0.0,0.532,0.265,0.236,0.075,0.082,0.17,0.388,4.857
2030-08-16,H004,monsoon,no,12.85,0.0,0.474,0.429,0.1,0.286,0.207,0.365,0.217,4.557
2030-08-17,H003,monsoon,no,13.78,0.0,0.563,0.432,0.1,0.316,0.117,0.192,0.4,4.948
2030-08-18,H003,monsoon,no,16.94,0.0,0.541,0.439,0.203,0.161,0.21,0.223,0.32,5.059
2030-08-19,H004,monsoon,no,20.6,0.0,0.583,0.234,0.321,0.208,0.214,0.26,0.302,4.818
2030-08-20,H004,monsoon,no,16.63,0.0,0.562,0.34,0.102,0.275,0.166,0.378,0.401,4.635
2030-08-21,H004,monsoon,no,17.7,0.0,0.562,0.361,0.212,0.336,0.327,0.181,0.412,4.578
2030-08-22,H001,monsoon,no,19.77,0.0,0.463,0.353,0.294,0.305,0.241,0.273,0.465,5.163
2030-08-23,H002,monsoon,no,21.71,0.0,0.58,0.275,0.274,0.041,0.285,0.312,0.287,3.871
2030-08-24,H003,monsoon,no,16.35,0.0,0.53,0.39,0.17,0.155,0.264,0.295,0.347,5.288
2030-08-25,H003,monsoon,no,17.47,0.0,0.54,0.3,0.284,0.22,0.189,0.298,0.286,4.856
2030-08-26,H001,monsoon,no,21.14,0.0,0.613,0.309,0.318,0.14,0.186,0.311,0.366,4.772
2030-08-27,H001,monsoon,no,14.46,0.0,0.507,0.192,0.1,0.323,0.179,0.206,0.272,4.054
2030-08-28,H003,monsoon,no,19.56,0.0,0.631,0.345,0.258,0.31,0.248,0.385,0.308,5.627
2030-08-29,H003,monsoon,no,15.46,0.0,0.637,0.282,0.177,0.115,0.154,0.241,0.308,4.453
2030-08-30,H004,monsoon,no,17.7,0.0,0.595,0.333,0.1,0.167,0.321,0.23,0.379,4.491
2030-08-31,H001,monsoon,no,17.01,0.0,0.491,0.316,0.217,0.12,0.148,0.358,0.35,4.707
2030-09-01,H004,monsoon,no,12.29,0.0,0.419,0.313,0.1,0.164,0.215,0.2,0.401,4.495
2030-09-02,H002,monsoon,no,12.24,0.0,0.615,0.297,0.1,0.162,0.184,0.276,0.339,5.285
2030-09-03,H003,monsoon,no,14.76,0.0,0.557,0.355,0.1,0.256,0.168,0.192,0.292,3.915
2030-09-04,H005,monsoon,no,16.2,0.0,0.505,0.286,0.1,0.109,0.352,0.452,0.369,5.092
2030-09-05,H002,monsoon,no,13.95,0.0,0.62,0.198,0.17,0.0,0.169,0.435,0.258,4.54
2030-09-06,H002,monsoon,no,14.35,0.0,0.498,0.34,0.1,0.052,0.179,0.241,0.407,4.736
2030-09-07,H002,monsoon,no,15.35,0.0,0.525,0.243,0.143,0.098,0.154,0.292,0.321,4.771
2030-09-08,H004,monsoon,no,12.26,0.0,0.581,0.207,0.119,0.128,0.203,0.25,0.37,4.646
2030-09-09,H005,monsoon,no,15.69,0.0,0.483,0.228,0.172,0.195,0.193,0.222,0.372,4.653
2030-09-10,H003,monsoon,no,15.84,0.0,0.543,0.32,0.1,0.094,0.122,0.26,0.51,4.435
2030-09-11,H001,monsoon,no,19.41,0.0,0.615,0.293,0.164,0.083,0.17,0.247,0.388,4.663
2030-09-12,H005,monsoon,no,13.45,0.0,0.563,0.151,0.1,0.106,0.243,0.128,0.357,4.506
2030-09-13,H001,monsoon,no,13.29,0.0,0.625,0.273,0.1,0.091,0.272,0.271,0.281,4.406
2030-09-14,H003,monsoon,no,15.74,0.0,0.618,0.382,0.138,0.136,0.202,0.247,0.43,4.822
2030-09-15,H001,monsoon,no,15.84,0.0,0.55,0.268,0.1,0.132,0.204,0.275,0.323,4.421
2030-09-16,H001,monsoon,no,13.14,0.0,0.41,0.288,0.1,0.235,0.175,0.244,0.197,4.23
2030-09-17,H005,monsoon,no,13.4,0.0,0.484,0.373,0.1,0.101,0.165,0.221,0.33,3.853
2030-09-18,H001,monsoon,no,15.29,0.0,0.596,0.356,0.1,0.151,0.136,0.32,0.369,4.387
2030-09-19,H005,monsoon,no,12.55,0.0,0.457,0.372,0.151,0.136,0.091,0.293,0.268,3.852
2030-09-20,H003,monsoon,no,13.38,0.0,0.53,0.106,0.1,0.245,0.151,0.362,0.338,4.508
2030-09-21,H002,monsoon,no,14.38,0.0,0.57,0.421,0.1,0.168,0.263,0.29,0.343,4.74
2030-09-22,H005,monsoon,no,16.2,0.0,0.638,0.345,0.1,0.264,0.17,0.234,0.344,4.498
2030-09-23,H001,monsoon,no,13.0,0.0,0.515,0.472,0.1,0.088,0.176,0.299,0.473,4.177
2030-09-24,H004,monsoon,no,10.52,0.0,0.511,0.245,0.1,0.176,0.174,0.092,0.219,3.667
2030-09-25,H004,monsoon,no,10.37,0.0,0.547,0.177,0.1,0.134,0.287,0.418,0.553,4.57
2030-09-26,H002,monsoon,no,11.69,0.0,0.571,0.301,0.1,0.082,0.135,0.272,0.347,4.312
2030-09-27,H002,monsoon,no,11.58,0.0,0.541,0.281,0.1,0.175,0.219,0.425,0.408,4.628
2030-09-28,H001,monsoon,no,13.9,0.0,0.613,0.346,0.1,0.319,0.195,0.18,0.363,5.091
2030-09-29,H001,monsoon,no,11.83,0.0,0.502,0.375,0.178,0.112,0.205,0.161,0.177,4.607
2030-09-30,H001,monsoon,no,12.8,0.0,0.557,0.294,0.1,0.17,0.217,0.279,0.244,4.588
2030-10-01,H003,post_monsoon,yes,11.45,0.0,0.577,0.283,0.1,0.075,0.204,0.279,0.298,3.829
2030-10-02,H003,post_monsoon,yes,12.12,0.0,0.526,0.337,0.1,0.063,0.256,0.277,0.449,4.29
2030-10-03,H003,post_monsoon,yes,15.65,0.0,0.6,0.282,0.1,0.117,0.198,0.265,0.212,4.665
2030-10-04,H004,post_monsoon,yes,14.32,0.0,0.559,0.276,0.122,0.144,0.322,0.2,0.264,4.653
2030-10-05,H002,post_monsoon,yes,13.03,0.0,0.597,0.373,0.1,0.148,0.203,0.131,0.366,5.262
2030-10-06,H004,post_monsoon,yes,12.08,0.0,0.562,0.388,0.1,0.162,0.081,0.273,0.397,4.467
2030-10-07,H004,post_monsoon,yes,12.13,0.0,0.573,0.376,0.1,0.048,0.245,0.147,0.394,4.338
2030-10-08,H005,post_monsoon,yes,13.66,0.0,0.512,0.288,0.1,0.13,0.227,0.14,0.252,4.165
2030-10-09,H004,post_monsoon,yes,14.17,0.0,0.512,0.15,0.119,0.22,0.202,0.22,0.19,4.352
2030-10-10,H001,post_monsoon,yes,11.18,0.0,0.623,0.29,0.1,0.071,0.182,0.284,0.404,4.66
2030-10-11,H003,post_monsoon,yes,13.07,0.0,0.588,0.247,0.1,0.152,0.052,0.409,0.493,4.952
2030-10-12,H004,post_monsoon,yes,8.94,0.0,0.489,0.291,0.1,0.203,0.064,0.328,0.315,4.804
2030-10-13,H001,post_monsoon,yes,13.42,0.0,0.561,0.253,0.1,0.117,0.315,0.365,0.236,5.533
2030-10-14,H001,post_monsoon,yes,14.52,0.0,0.408,0.299,0.138,0.207,0.159,0.302,0.307,5.108
2030-10-15,H001,post_monsoon,yes,12.44,0.0,0.516,0.227,0.1,0.058,0.268,0.279,0.389,4.11
2030-10-16,H001,post_monsoon,yes,16.63,0.0,0.608,0.21,0.191,0.251,0.088,0.45,0.327,4.975
2030-10-17,H005,post_monsoon,yes,11.24,0.0,0.542,0.386,0.1,0.209,0.127,0.144,0.491,4.931
2030-10-18,H002,post_monsoon,yes,13.43,0.0,0.557,0.232,0.1,0.184,0.248,0.217,0.442,4.878
2030-10-19,H001,post_monsoon,yes,12.93,0.0,0.369,0.3,0.1,0.27,0.193,0.223,0.368,4.7
2030-10-20,H003,post_monsoon,yes,12.8,0.0,0.526,0.367,0.1,0.154,0.238,0.321,0.155,5.034
2030-10-21,H002,post_monsoon,yes,12.77,0.0,0.57,0.364,0.1,0.131,0.199,0.172,0.281,3.918
2030-10-22,H005,post_monsoon,yes,13.21,0.0,0.578,0.356,0.1,0.29,0.185,0.311,0.295,4.896
2030-10-23,H001,post_monsoon,yes,14.7,0.0,0.608,0.321,0.1,0.327,0.152,0.296,0.275,4.363
2030-10-24,H005,post_monsoon,yes,15.76,0.0,0.537,0.351,0.1,0.125,0.116,0.315,0.369,4.788
2030-10-25,H002,post_monsoon,yes,13.0,0.0,0.54,0.396,0.1,0.171,0.298,0.314,0.371,4.556
2030-10-26,H002,post_monsoon,yes,14.63,0.0,0.47,0.33,0.246,0.264,0.31,0.373,0.183,5.409
2030-10-27,H003,post_monsoon,yes,11.6,0.0,0.538,0.171,0.1,0.174,0.127,0.246,0.43,4.915
2030-10-28,H005,post_monsoon,yes,14.53,0.0,0.474,0.263,0.111,0.228,0.123,0.292,0.352,4.572
2030-10-29,H002,post_monsoon,yes,11.48,0.0,0.439,0.349,0.1,0.242,0.176,0.191,0.386,4.326
2030-10-30,H002,post_monsoon,yes,15.18,0.0,0.485,0.256,0.1,0.135,0.224,0.173,0.424,4.35
2030-10-31,H004,post_monsoon,yes,17.42,0.0,0.641,0.413,0.2,0.214,0.187,0.391,0.273,5.574
2030-11-01,H004,post_monsoon,yes,13.96,0.0,0.534,0.296,0.1,0.18,0.235,0.185,0.476,4.527
2030-11-02,H002,post_monsoon,yes,9.82,0.0,0.563,0.306,0.1,0.083,0.197,0.301,0.336,4.936
2030-11-03,H001,post_monsoon,yes,13.11,0.0,0.519,0.379,0.1,0.101,0.192,0.292,0.501,4.928
2030-11-04,H004,post_monsoon,yes,16.67,0.0,0.443,0.287,0.155,0.128,0.369,0.344,0.261,5.082
